freelancer_id,name,category,skills_str,experience_level,experience_years,hourly_rate_usd,country,languages,n_completed_projects,completion_rate,on_time_delivery_rate,avg_rating,dispute_rate,repeat_client_rate,available_in_days,hours_per_week,avg_response_hours,portfolio_score,cin
FL0000,نشوة المفتي,data,"Computer Vision, PyTorch",junior,2,12.83,Tunisie,Espagnol,25,0.663,0.602,3.08,0.184,0.538,30,20,0.6,0.5,15674586
FL0001,Adrien Baron,data,"Machine Learning, Power BI",junior,3,21.69,Belgique,Allemand,13,0.716,0.478,3.33,0.141,0.417,30,30,16.8,2.2,59660579
FL0002,Alix Peron,writing,"Journalisme, Ghostwriting, Traduction, Rédaction Web, UX Writing",mid,6,15.31,France,"Espagnol, Français",13,0.671,0.823,4.17,0.171,0.697,3,40,11.4,3.1,60236378
FL0003,Adrien Charrier,marketing,"TikTok Ads, Google Ads",junior,4,14.5,Canada,"Anglais, Français",5,0.638,0.503,3.31,0.197,0.813,3,10,5.6,1.0,47445228
FL0004,إخلاص العوازم,marketing,"Copywriting, Facebook Ads, TikTok Ads",senior,6,91.75,Algérie,"Anglais, Français",135,0.894,0.76,4.27,0.088,0.634,7,40,0.0,3.3,66766799
FL0005,الآنسة بيسان حميضة,dev,"GraphQL, MongoDB, Flutter, Django, Rust",junior,3,16.55,France,Espagnol,3,0.677,0.599,3.56,0.166,0.472,7,20,6.0,2.8,17346723
FL0006,جوان بنو ذي أصبح,writing,"Correction, Rédaction Web, Blog, Journalisme",senior,7,50.95,Sénégal,"Arabe, Allemand",169,0.858,0.873,3.41,0.114,0.873,7,20,4.7,5.0,57006479
FL0007,Philippe Perret,data,"Spark, Data Analysis",expert,8,122.24,France,"Anglais, Français",152,0.998,1.0,4.88,0.045,0.816,1,40,1.2,6.1,53932020
FL0008,Laurence Merle,dev,"Flutter, Swift, FastAPI, AWS, Node.js",junior,4,27.53,France,"Allemand, Anglais",29,0.648,0.422,3.15,0.21,0.601,30,20,4.8,2.3,26808406
FL0009,الأستاذة نشوة دوبلال,design,"Figma, UI/UX",mid,6,35.53,Maroc,Allemand,11,0.698,0.612,4.08,0.203,0.613,0,30,0.5,2.3,69506426
FL0010,Victor-Isaac Ribeiro,data,"Tableau, Computer Vision, TensorFlow, Machine Learning",expert,10,104.5,Maroc,"Français, Arabe",23,0.941,0.681,4.82,0.034,0.908,30,20,11.1,7.6,80397562
FL0011,Élisabeth Leduc Le Picard,marketing,"Email Marketing, SEO",junior,2,9.19,France,"Allemand, Français",1,0.793,0.532,2.63,0.19,0.568,3,30,3.4,2.6,78805018
FL0012,غيداء جزيني,dev,"Django, Vue.js",expert,9,90.27,Maroc,Anglais,1,0.972,0.88,4.95,0.108,0.871,3,40,17.3,8.3,72905876
FL0013,صالح لخم,writing,"Correction, Traduction, Journalisme, Technical Writing, Blog",junior,3,19.17,Algérie,Anglais,9,0.659,0.557,3.74,0.161,0.705,1,20,4.1,1.0,64116110
FL0014,Thomas Ledoux,writing,"UX Writing, Journalisme",senior,6,57.83,France,Anglais,52,0.836,0.848,4.83,0.123,0.669,7,20,2.8,5.7,62530222
FL0015,Marcelle Michel de la Langlois,marketing,"Content Strategy, SEO, Google Ads, Facebook Ads, TikTok Ads",junior,3,29.64,Maroc,Arabe,1,0.74,0.814,3.11,0.207,0.582,7,40,7.0,3.7,31571804
FL0016,عمّار يافع,design,"Blender, Branding, Figma, Photoshop",expert,9,108.7,France,"Anglais, Arabe",71,0.915,1.0,4.27,0.0,0.795,7,20,2.4,6.4,68616467
FL0017,الدكتور زغلول بنو لام,dev,"FastAPI, JavaScript, PostgreSQL, Node.js",mid,5,30.57,France,"Français, Arabe",139,0.962,0.771,3.73,0.206,0.8,14,10,2.0,5.8,77422137
FL0018,Roger Aubert,data,"Power BI, TensorFlow, NLP",junior,2,12.1,Canada,"Espagnol, Anglais",18,0.522,0.535,3.09,0.251,0.377,14,10,12.6,0.8,22286178
FL0019,James Mills,dev,"REST API, Node.js, Vue.js",senior,8,68.7,Tunisie,"Français, Arabe",84,0.772,0.766,4.14,0.077,0.693,14,30,0.3,5.3,14781433
FL0020,Vincent Denis,marketing,"Content Strategy, Facebook Ads, Influencer Marketing, Analytics",senior,6,54.02,Maroc,"Français, Allemand",32,1.0,0.889,4.89,0.106,0.785,3,30,4.9,6.3,39366488
FL0021,Xavier Le Descamps,marketing,"Facebook Ads, Analytics",junior,4,12.96,Tunisie,Espagnol,0,0.0,0.0,0.0,0.0,0.0,3,20,1.4,0.2,21322157
FL0022,Léon Lévêque-Morin,marketing,"TikTok Ads, Analytics, Copywriting, SEO",mid,5,44.6,Tunisie,"Espagnol, Arabe",7,0.665,0.711,3.92,0.082,0.67,7,30,0.5,4.0,88658550
FL0023,Éric-Benoît Lenoir,dev,"Kotlin, Python, Rust, Node.js, GraphQL",senior,6,74.2,Maroc,"Allemand, Espagnol",1,0.932,0.794,4.76,0.074,0.757,7,10,5.0,4.4,76848762
FL0024,Xavier de Denis,design,"UI/UX, Blender, 3D Modeling, Illustrator",mid,5,37.17,Tunisie,Anglais,91,0.667,0.79,3.07,0.149,0.618,1,40,0.6,2.7,88087452
FL0025,April Cole,writing,"Rédaction Web, Correction, Ghostwriting, Traduction, Blog",junior,2,14.96,Maroc,Arabe,25,0.686,0.657,3.58,0.148,0.812,7,20,20.7,1.1,20963369
FL0026,Agnès Paris,marketing,"TikTok Ads, Email Marketing, Influencer Marketing, Google Ads",junior,3,17.87,Algérie,"Anglais, Français",1,0.602,0.676,3.69,0.223,0.478,1,20,15.9,4.4,88447326
FL0027,Stephanie Bishop,design,"Adobe XD, 3D Modeling, Blender, Motion Design, UI/UX",senior,6,75.06,France,Anglais,12,0.918,0.895,3.88,0.092,0.841,3,30,3.6,6.6,58288082
FL0028,الدكتورة ريتال البديري,design,"Figma, Adobe XD, Photoshop",senior,6,70.76,Belgique,Français,10,0.879,0.935,4.59,0.147,0.877,0,20,7.5,6.7,84108782
FL0029,Frédéric Guillaume,writing,"Technical Writing, Blog, Ghostwriting, Rédaction Web, Journalisme",senior,7,81.96,Maroc,"Allemand, Arabe",71,0.988,0.667,4.51,0.068,0.729,14,30,3.1,6.7,26230991
FL0030,Richard Noël-Barbe,data,"SQL, Power BI, NLP, PyTorch",junior,2,14.75,France,"Arabe, Espagnol",1,0.6,0.55,3.42,0.188,0.427,0,30,2.9,0.9,56835520
FL0031,Marie Bonnin,marketing,"Influencer Marketing, TikTok Ads, Content Strategy, Email Marketing",senior,6,35.7,Tunisie,"Allemand, Anglais",36,0.859,0.805,4.29,0.019,0.775,14,20,5.2,5.0,67012885
FL0032,السيد قصي بنو ذي أصبح,dev,"TypeScript, Swift, FastAPI, MongoDB",senior,8,75.08,Algérie,Allemand,6,0.835,0.808,4.07,0.128,0.786,7,40,11.0,7.0,24229193
FL0033,الأستاذ صقر الحكم بن سعد العشيرة,marketing,"Copywriting, Google Ads, Analytics, Influencer Marketing",junior,3,13.92,Belgique,Français,25,0.62,0.623,3.35,0.249,0.449,0,20,13.6,2.3,48687810
FL0034,Marcelle Duhamel,design,"Illustrator, Figma, Blender, Adobe XD",mid,5,21.86,Maroc,Allemand,13,0.858,0.727,3.77,0.19,0.896,0,10,10.8,4.7,44048292
FL0035,Cheryl Garcia,design,"Illustrator, Motion Design, Blender, Webflow, 3D Modeling",senior,8,69.99,Tunisie,Allemand,55,0.959,0.73,4.6,0.095,0.861,1,30,0.3,6.5,41162757
FL0036,Robert Green,marketing,"TikTok Ads, Content Strategy, Influencer Marketing, Email Marketing, Google Ads",expert,8,78.23,France,Allemand,105,0.979,0.728,4.65,0.03,0.661,7,10,0.5,9.0,44670243
FL0037,المهندس خاطر الجبشة,marketing,"SEO, TikTok Ads, Email Marketing, Influencer Marketing",junior,3,19.44,Sénégal,"Anglais, Allemand",65,0.602,0.666,3.65,0.174,0.554,30,30,6.1,2.8,26733008
FL0038,بيسان غنيم,design,"Illustrator, 3D Modeling",junior,4,19.19,Maroc,Allemand,23,0.686,0.579,3.7,0.198,0.503,7,10,5.4,2.9,21725835
FL0039,Angela Robinson,design,"Branding, Illustrator, 3D Modeling, Adobe XD",senior,8,70.21,Maroc,Espagnol,15,0.951,0.901,4.42,0.137,0.712,1,20,5.9,5.6,25612474
FL0040,هناء البغدادي,design,"Webflow, Photoshop, Branding, Illustrator, Motion Design",senior,7,93.34,Tunisie,"Allemand, Français",14,0.867,0.747,5.0,0.08,0.897,3,20,1.2,7.6,76322281
FL0041,شاكر أفغاني,writing,"Traduction, Correction, Blog",junior,2,21.39,Tunisie,"Allemand, Arabe",23,0.604,0.634,3.1,0.179,0.48,3,30,5.2,1.4,40558881
FL0042,Marcelle Pereira,dev,"React, FastAPI",expert,8,88.37,Canada,Espagnol,67,0.974,1.0,4.81,0.069,0.94,0,10,1.0,8.1,79285842
FL0043,Jules Joubert,data,"Data Analysis, Machine Learning, Spark, Computer Vision",senior,8,72.19,Tunisie,Arabe,107,0.849,0.807,4.4,0.125,0.631,30,30,1.8,6.6,43613100
FL0044,Gérard Boucher,data,"Data Analysis, PyTorch, Machine Learning, NLP, SQL",junior,2,24.73,Belgique,Anglais,17,0.746,0.448,3.03,0.211,0.707,3,20,1.9,1.9,18856935
FL0045,السيد قيس صيداوي,writing,"Correction, Rédaction Web",expert,10,112.93,Sénégal,"Anglais, Arabe",155,0.949,0.695,4.42,0.085,0.737,7,20,12.2,8.5,89988587
FL0046,الآنسة ليم متني,marketing,"Email Marketing, Influencer Marketing, SEO",expert,10,151.62,Sénégal,Français,76,0.923,1.0,4.38,0.104,0.826,0,30,1.9,6.6,98796695
FL0047,ياقوت المنتفق,design,"UI/UX, Adobe XD, Illustrator",senior,7,58.69,Maroc,"Français, Espagnol",39,0.884,0.769,3.94,0.102,0.702,14,10,10.4,4.6,75298827
FL0048,Richard Hopkins,design,"Motion Design, Photoshop, Webflow, Adobe XD",senior,7,43.41,Canada,"Espagnol, Anglais",56,0.91,0.813,4.46,0.116,0.832,1,30,4.8,7.3,60268369
FL0049,Daniel Turner,design,"Webflow, Illustrator, Blender",junior,2,17.35,France,Espagnol,21,0.604,0.897,3.21,0.172,0.625,30,40,6.3,2.6,65557897
FL0050,Joséphine Le Guibert,writing,"Rédaction Web, Ghostwriting, Technical Writing, Journalisme",mid,5,24.26,Belgique,"Espagnol, Allemand",31,0.987,0.771,3.87,0.139,0.831,7,30,29.1,5.6,62756969
FL0051,ريتاج حميضة,writing,"UX Writing, Technical Writing, Journalisme, Correction",senior,6,69.5,Sénégal,"Anglais, Allemand",31,0.694,0.819,4.11,0.094,0.695,3,30,6.5,6.3,59731991
FL0052,Maurice Tanguy de Richard,dev,"JavaScript, FastAPI, Vue.js, REST API, AWS",junior,3,11.79,Tunisie,Allemand,3,0.624,0.808,3.4,0.213,0.653,0,10,1.9,2.2,14489116
FL0053,Robert Bonnet,marketing,"Copywriting, Google Ads, Analytics",senior,7,55.62,Tunisie,Arabe,69,0.684,0.837,4.56,0.104,0.613,1,30,0.8,6.1,17374031
FL0054,Dennis Harris,design,"Blender, Photoshop",expert,9,103.62,France,Anglais,67,1.0,0.999,4.91,0.016,0.993,0,30,44.7,6.9,58568817
FL0055,Diane Auger,writing,"Journalisme, Correction",mid,4,45.99,France,Arabe,57,0.826,0.7,4.45,0.145,0.693,3,10,2.4,2.7,69350453
FL0056,Manon Lecoq-Hernandez,dev,"Rust, FastAPI, AWS, Python",junior,4,8.0,Tunisie,Anglais,3,0.52,0.617,2.28,0.184,0.712,7,30,10.4,2.3,46255851
FL0057,Christophe Millet,data,"SQL, PyTorch, Machine Learning, Spark",mid,5,24.62,Canada,Arabe,64,0.692,0.539,4.06,0.195,0.757,0,20,0.8,4.6,64132690
FL0058,السيد رهيف الحجر بن الهنوء بن الأزد,data,"Spark, TensorFlow, NLP, Deep Learning, Tableau",junior,4,10.64,Canada,"Français, Anglais",20,0.854,0.641,3.48,0.235,0.504,14,30,4.9,0.9,52896040
FL0059,Gail Andrews,dev,"Flutter, Kotlin, REST API",junior,3,9.03,France,"Espagnol, Arabe",19,0.71,0.667,2.63,0.181,0.74,1,30,0.1,3.0,37463027
FL0060,هاجر دوبلال,data,"PyTorch, Deep Learning, Tableau, SQL",junior,3,12.66,France,Français,32,0.669,0.444,3.38,0.225,0.351,1,30,30.8,2.4,49507848
FL0061,Corinne Guillaume,data,"Data Analysis, Spark, PyTorch",senior,7,54.59,Tunisie,"Espagnol, Allemand",9,0.767,0.951,4.46,0.17,0.819,0,30,0.8,6.5,27437999
FL0062,نصر البخاري,design,"Webflow, Blender",mid,5,41.12,Belgique,"Français, Anglais",114,0.809,0.87,3.1,0.187,0.428,3,30,6.7,4.0,70925262
FL0063,Maxwell Ryan,dev,"Vue.js, FastAPI, Go, Kubernetes",senior,6,52.32,Belgique,"Espagnol, Allemand",41,0.922,0.723,4.28,0.082,0.761,0,10,19.8,6.5,87002894
FL0064,Luc Loiseau,writing,"UX Writing, Rédaction Web, Technical Writing, Correction",senior,8,66.05,Tunisie,Arabe,36,0.892,0.796,4.15,0.091,0.741,3,40,10.1,6.2,19505346
FL0065,صباح بنو فراس,design,"Figma, Adobe XD, Blender, 3D Modeling",mid,5,30.73,Tunisie,Espagnol,132,0.687,0.673,3.74,0.191,0.642,3,30,1.3,2.5,58987585
FL0066,السيدة نوال المتولي,data,"PyTorch, Data Analysis",junior,2,19.65,Canada,"Arabe, Anglais",21,0.685,0.721,3.13,0.231,0.579,14,40,0.5,1.3,14161035
FL0067,Gregory Smith,marketing,"Copywriting, Influencer Marketing, Content Strategy, Analytics",mid,4,34.68,Algérie,"Français, Espagnol",1,0.801,0.839,4.13,0.077,0.699,1,40,21.2,2.9,80289498
FL0068,Arthur Hervé,data,"Computer Vision, Tableau",senior,7,30.32,Tunisie,Allemand,61,0.833,0.834,4.98,0.154,0.855,3,10,2.5,6.6,51654945
FL0069,Xavier Techer,design,"Adobe XD, Branding, 3D Modeling",senior,6,79.55,Algérie,"Espagnol, Anglais",17,0.851,1.0,4.68,0.111,0.94,0,10,2.3,5.2,95525857
FL0070,الآنسة ريفال النشاشيبي,marketing,"Google Ads, Email Marketing, TikTok Ads",mid,4,44.55,Belgique,"Français, Allemand",14,0.925,0.792,4.03,0.177,0.618,1,10,1.7,4.5,82919261
FL0071,الدكتور صلاح يافع,marketing,"Influencer Marketing, Copywriting",senior,7,62.39,Maroc,Espagnol,85,0.881,0.685,3.96,0.086,0.698,14,40,2.8,7.7,85047269
FL0072,Melinda Hanson,design,"Illustrator, 3D Modeling, Adobe XD",junior,3,13.2,Algérie,"Espagnol, Arabe",17,0.799,0.789,3.9,0.229,0.488,7,20,0.5,2.8,96257408
FL0073,Elizabeth Mckinney,data,"Tableau, PyTorch, Power BI, Data Analysis, Deep Learning",senior,7,80.08,France,Espagnol,21,0.951,0.876,3.97,0.06,0.778,3,40,8.3,6.3,51151815
FL0074,الأستاذة دانية زحيكة,writing,"Traduction, Blog, Journalisme",expert,10,58.7,France,Arabe,20,0.875,0.658,3.56,0.026,0.846,3,10,14.1,8.3,65627355
FL0075,Lucas Bertin,data,"Data Analysis, NLP, Power BI, Deep Learning, SQL",mid,4,38.73,Canada,"Français, Allemand",11,0.762,0.821,3.58,0.195,0.653,0,20,0.2,4.1,59087186
FL0076,الأستاذة جهراء القاعي,writing,"Ghostwriting, UX Writing, Technical Writing",mid,5,23.12,Tunisie,"Anglais, Arabe",42,0.803,0.594,4.09,0.149,0.518,0,10,1.5,5.2,21447646
FL0077,Melissa Lara,design,"UI/UX, Illustrator, Photoshop, Adobe XD, 3D Modeling",mid,5,21.7,Sénégal,Anglais,116,0.775,0.774,4.26,0.079,0.579,3,30,0.4,5.4,49041275
FL0078,Curtis Blair,data,"NLP, Machine Learning, Deep Learning",expert,10,101.71,Canada,"Anglais, Espagnol",65,0.959,1.0,4.29,0.053,0.702,1,30,2.8,7.1,55740155
FL0079,Alexandra Landry,marketing,"Google Ads, Facebook Ads, Content Strategy, Email Marketing, SEO",mid,4,23.01,Tunisie,"Anglais, Français",90,0.823,0.454,4.33,0.113,0.701,3,20,13.6,4.0,53713555
FL0080,Henri Mahe,data,"SQL, PyTorch, Tableau",expert,8,61.5,Canada,"Anglais, Allemand",53,0.959,0.818,4.81,0.027,0.78,1,40,2.5,8.6,95711947
FL0081,السيد كايد تغلب بن وائل,design,"Figma, Webflow, Motion Design, Photoshop",junior,2,12.31,Tunisie,"Français, Espagnol",47,0.781,0.522,3.49,0.166,0.751,3,30,9.8,1.5,62347894
FL0082,Alix Delannoy,data,"Tableau, PyTorch, Deep Learning, Data Analysis",junior,3,18.0,France,"Arabe, Allemand",8,0.767,0.548,3.17,0.209,0.578,14,10,1.1,2.7,29425484
FL0083,Julie Medina,marketing,"Analytics, Influencer Marketing, Facebook Ads",expert,8,115.39,France,Anglais,112,0.909,0.969,4.44,0.07,0.791,0,30,4.7,7.8,34336250
FL0084,عمير البيطار,marketing,"Analytics, SEO, Google Ads",mid,4,31.33,Maroc,Anglais,16,0.879,0.741,3.68,0.099,0.765,3,30,1.7,3.3,88566529
FL0085,Danielle Leconte,dev,"GraphQL, PostgreSQL, MongoDB, Swift, Kotlin",senior,8,92.33,Tunisie,"Allemand, Arabe",8,0.969,0.903,4.13,0.094,0.605,30,20,3.1,6.1,93855885
FL0086,بيسان بنو ضمرة,writing,"Blog, UX Writing",mid,4,30.07,Maroc,"Anglais, Français",77,0.741,0.808,2.95,0.107,0.631,0,20,10.2,2.7,75206916
FL0087,عمران الشعباني,dev,"Swift, JavaScript, Go, Node.js",mid,5,42.22,Tunisie,"Espagnol, Allemand",0,0.0,0.0,0.0,0.0,0.0,7,40,0.2,4.4,93008928
FL0088,Dominique Allain,marketing,"Content Strategy, Email Marketing, Facebook Ads, Google Ads",senior,6,99.75,Tunisie,"Arabe, Allemand",62,0.795,0.853,4.77,0.066,0.781,0,10,1.1,7.3,21338155
FL0089,الأستاذة بوران بنو فراس,data,"NLP, Computer Vision, Power BI, PyTorch",junior,4,18.43,Belgique,Allemand,12,0.734,0.566,2.95,0.195,0.662,3,20,2.9,2.1,72405368
FL0090,Mary Tucker,marketing,"Content Strategy, Google Ads, Facebook Ads, TikTok Ads, SEO",junior,3,10.02,Canada,"Arabe, Français",44,0.633,0.504,3.08,0.201,0.534,3,20,0.4,0.3,22993013
FL0091,هدى أولاد زيان,data,"PyTorch, Computer Vision",junior,4,11.37,Belgique,"Allemand, Arabe",51,0.509,0.455,2.91,0.187,0.44,7,20,2.8,2.0,23506889
FL0092,Lisa Flores,writing,"Technical Writing, Blog",mid,4,22.46,Sénégal,Allemand,32,0.791,0.887,4.0,0.143,0.803,1,20,1.3,3.8,41518190
FL0093,Marthe Reynaud,writing,"Journalisme, Rédaction Web, Technical Writing, Traduction",expert,10,85.84,Belgique,Espagnol,169,1.0,1.0,4.16,0.065,0.783,1,30,1.6,7.9,92060908
FL0094,Georges-Emmanuel Lebon,marketing,"Facebook Ads, Email Marketing, Influencer Marketing, Analytics",expert,8,72.72,Belgique,"Espagnol, Français",112,0.932,0.688,4.62,0.148,0.706,3,20,5.6,7.8,80918764
FL0095,Marcelle-Paulette Benard,data,"Data Analysis, Deep Learning, PyTorch, SQL",junior,3,18.03,Sénégal,Français,7,0.721,0.679,3.28,0.232,0.693,7,20,7.9,3.3,70311325
FL0096,Chad Coleman,design,"Adobe XD, Webflow",senior,7,73.22,France,"Espagnol, Allemand",87,0.832,0.949,4.68,0.111,0.887,0,20,0.5,4.4,77384652
FL0097,السيدة سلسبيل زلاطيمو,design,"Blender, Webflow",junior,4,8.0,Tunisie,Anglais,24,0.562,0.664,3.14,0.231,0.471,0,10,5.3,1.5,15675791
FL0098,الدكتور لطفي زهران,writing,"Correction, Blog, Traduction, Ghostwriting",mid,5,53.91,France,Arabe,2,0.879,0.619,4.21,0.175,0.736,7,30,4.4,4.4,52535092
FL0099,Kevin Perez,marketing,"Copywriting, Facebook Ads",mid,4,29.66,France,"Anglais, Allemand",49,0.711,0.843,3.79,0.127,0.753,1,30,13.3,3.5,51660872
FL0100,Inès Da Silva,design,"UI/UX, Branding, 3D Modeling, Motion Design",senior,6,68.73,France,"Arabe, Français",85,0.885,0.839,4.48,0.081,0.748,7,30,0.3,6.4,87924958
FL0101,Rachel Palmer,data,"Data Analysis, NLP",expert,9,96.25,Tunisie,"Anglais, Français",104,1.0,0.937,4.92,0.045,0.867,30,10,6.9,7.4,62995594
FL0102,ثاقب بنو يعلى,writing,"Correction, Traduction",senior,6,70.69,France,"Allemand, Arabe",109,0.865,0.848,4.43,0.12,0.752,0,30,12.6,5.9,94192235
FL0103,Vincent Lacombe,marketing,"Analytics, Copywriting, Influencer Marketing",mid,6,29.87,Tunisie,Espagnol,16,0.88,0.648,4.15,0.113,0.857,3,30,12.7,5.8,85417021
FL0104,الدكتور شجاع جهينة,writing,"Journalisme, Blog, UX Writing",senior,7,51.22,Tunisie,"Arabe, Espagnol",66,0.877,0.845,4.41,0.106,0.621,3,30,4.9,5.3,42127699
FL0105,Lisa Houston,marketing,"SEO, Google Ads",senior,6,77.28,France,"Arabe, Allemand",99,0.868,0.872,4.52,0.152,0.797,3,40,4.1,5.6,22713988
FL0106,Jules Lenoir,design,"Figma, Illustrator, Photoshop, Motion Design",mid,5,20.05,Tunisie,"Anglais, Espagnol",2,0.759,0.775,4.05,0.151,0.713,0,20,5.4,4.2,84865961
FL0107,Lisa Barber,design,"Figma, Illustrator",mid,4,28.05,Tunisie,"Français, Allemand",10,0.899,0.708,4.02,0.182,0.726,1,30,9.8,4.5,97084633
FL0108,Vicki Hardy,writing,"Journalisme, Blog, UX Writing, Technical Writing",expert,9,99.78,Algérie,"Arabe, Allemand",57,0.979,1.0,4.53,0.047,0.763,0,30,29.3,9.2,49849821
FL0109,طائع بلغازي,data,"Computer Vision, NLP, Power BI, Data Analysis, Spark",senior,7,27.63,Belgique,Français,15,1.0,0.777,3.63,0.151,0.873,0,20,14.0,5.5,11671248
FL0110,Bryan Daugherty,design,"UI/UX, Motion Design, Figma, Adobe XD, Photoshop",junior,4,15.05,Belgique,Espagnol,10,0.707,0.644,3.41,0.237,0.443,7,30,1.0,2.1,88568334
FL0111,Capucine Martinez,writing,"Technical Writing, Ghostwriting",junior,4,19.74,Tunisie,Français,7,0.568,0.525,3.74,0.225,0.525,1,20,7.5,3.1,73087751
FL0112,Darrell Adams MD,writing,"UX Writing, Traduction, Journalisme",senior,6,76.09,France,"Espagnol, Allemand",2,0.888,0.895,3.8,0.132,0.68,7,10,4.3,3.7,97886399
FL0113,Océane Weber,design,"Motion Design, 3D Modeling, Photoshop, Branding",mid,5,36.65,Tunisie,Français,153,0.815,0.808,4.08,0.2,0.679,1,10,9.3,4.7,65726193
FL0114,فخر الدقاق,dev,"REST API, Go, Flutter",expert,8,85.63,Tunisie,Espagnol,27,0.861,0.918,4.97,0.031,0.907,3,30,10.7,7.6,67263865
FL0115,François Lefèvre,dev,"FastAPI, AWS, MongoDB",senior,6,67.8,Sénégal,"Arabe, Espagnol",60,0.851,0.697,4.23,0.108,0.684,1,40,0.4,5.0,16974407
FL0116,Sean Herman,writing,"UX Writing, Technical Writing, Correction",junior,4,16.76,Maroc,Arabe,26,0.846,0.68,4.09,0.175,0.594,3,10,15.6,1.9,25470071
FL0117,الآنسة لتين بنو مهدي,marketing,"Analytics, Google Ads, Content Strategy",junior,2,11.75,Maroc,Anglais,3,0.639,0.499,2.73,0.215,0.61,1,10,5.9,3.3,51244215
FL0118,Jennifer Morales,design,"Motion Design, Photoshop, Illustrator, UI/UX, Adobe XD",mid,5,38.68,Maroc,Français,67,0.804,0.448,4.13,0.209,0.734,7,20,6.4,3.0,92992928
FL0119,نوال بو مدين,design,"Branding, Figma, Blender",mid,5,15.29,Canada,Arabe,175,0.858,0.655,3.35,0.14,0.62,14,40,11.8,5.1,21251036
FL0120,السيد مراد المظفر,marketing,"Influencer Marketing, Content Strategy, SEO, Facebook Ads, Analytics",junior,3,12.53,Tunisie,Espagnol,11,0.719,0.531,3.25,0.224,0.548,0,30,3.2,0.7,56336152
FL0121,الدكتور خليفة خزاعة,writing,"Rédaction Web, Blog, Journalisme",mid,4,43.54,France,"Arabe, Allemand",14,0.788,0.564,3.04,0.166,0.785,7,20,14.7,3.5,50693796
FL0122,السيدة دعاء البديري,dev,"Vue.js, Go",junior,3,10.55,Maroc,Arabe,23,0.693,0.558,3.13,0.229,0.642,3,10,0.5,1.7,83577920
FL0123,دعاء بلغازي,data,"Deep Learning, Machine Learning, Spark, Tableau",mid,6,39.46,Tunisie,Anglais,56,0.81,0.809,4.5,0.134,0.618,3,30,0.1,2.9,89380322
FL0124,المهندس تقي رصاص,design,"Blender, Photoshop",senior,7,85.04,Canada,Allemand,67,0.906,0.924,4.31,0.122,0.686,14,30,7.2,5.8,72467739
FL0125,Melissa Gomez,writing,"UX Writing, Journalisme, Traduction, Technical Writing",junior,4,22.31,Tunisie,Espagnol,9,0.628,0.694,3.45,0.201,0.569,0,20,9.8,1.4,77946176
FL0126,Henriette Martins,marketing,"SEO, Google Ads, Content Strategy, Analytics",mid,4,33.08,France,"Allemand, Arabe",71,0.832,0.691,4.32,0.127,0.705,0,10,5.2,5.4,25136841
FL0127,حنفي بدرية,writing,"Blog, UX Writing, Rédaction Web, Journalisme",expert,8,33.72,Algérie,"Anglais, Allemand",110,0.946,0.911,5.0,0.082,0.849,3,10,3.9,8.9,73656273
FL0128,السيد سعيد بني رشيد,design,"UI/UX, Blender, Branding",senior,7,52.17,Tunisie,Anglais,70,0.948,0.84,4.38,0.057,0.891,0,10,7.1,6.5,83667671
FL0129,أجوان بنو العريج,data,"Deep Learning, Spark, NLP",mid,6,20.65,Belgique,Espagnol,1,0.681,0.846,4.17,0.141,0.633,3,10,0.6,4.6,56066842
FL0130,Amanda Reeves,marketing,"Analytics, Google Ads, Content Strategy, Influencer Marketing",mid,6,46.36,Algérie,"Allemand, Espagnol",10,0.675,0.863,4.15,0.182,0.882,3,40,5.3,4.1,29642623
FL0131,Catherine Reynolds,data,"PyTorch, Tableau, TensorFlow, Machine Learning, Computer Vision",mid,6,35.25,Belgique,"Anglais, Espagnol",23,0.871,0.728,4.18,0.148,0.745,7,20,12.0,4.0,45973216
FL0132,Frederick Ryan,dev,"Flutter, React",junior,4,14.19,Maroc,"Allemand, Espagnol",12,0.549,0.659,3.36,0.213,0.563,14,30,10.8,1.4,50913591
FL0133,نور الدّين تنوخ,design,"Adobe XD, 3D Modeling, Webflow",expert,10,106.57,France,Espagnol,17,0.858,0.98,4.77,0.052,0.949,0,20,0.4,7.9,84390119
FL0134,David Sanders,marketing,"SEO, TikTok Ads, Content Strategy",expert,8,96.65,Tunisie,"Arabe, Français",60,0.868,0.839,4.46,0.012,0.889,0,40,2.7,6.6,55647985
FL0135,السيدة لورين العفيفي,design,"Blender, Figma, Webflow, Photoshop",junior,4,10.49,Tunisie,Arabe,12,0.723,0.545,3.2,0.181,0.724,3,30,9.0,1.7,77293729
FL0136,Margaux Moulin de Meunier,data,"SQL, Spark, NLP",mid,6,32.13,France,"Espagnol, Anglais",15,0.864,0.886,3.79,0.143,0.65,30,10,5.0,3.6,19841814
FL0137,المهندسة راما كندة,data,"SQL, PyTorch",senior,8,117.35,Maroc,"Espagnol, Anglais",27,0.889,0.746,4.56,0.114,0.832,0,20,12.4,5.0,71358539
FL0138,Jeanne Chartier,design,"Adobe XD, Illustrator",junior,3,10.5,France,"Allemand, Espagnol",59,0.587,0.614,3.48,0.222,0.65,3,30,4.3,2.4,99321078
FL0139,خاطر ربيعة,writing,"Correction, Blog, Technical Writing, Journalisme, Traduction",mid,5,36.77,Belgique,"Espagnol, Allemand",27,0.613,0.902,3.79,0.159,0.675,0,10,7.7,3.6,50500666
FL0140,الأستاذ هزار غامد,design,"3D Modeling, UI/UX, Adobe XD",expert,10,56.97,Maroc,Arabe,110,0.845,0.797,4.59,0.032,0.666,0,20,2.1,8.1,19320202
FL0141,Luce Le Torres,writing,"UX Writing, Correction, Ghostwriting, Rédaction Web",expert,10,87.97,Canada,"Allemand, Arabe",0,0.0,0.0,0.0,0.0,0.0,7,30,5.8,7.4,96213755
FL0142,الدكتور عتريس شهران,data,"Tableau, PyTorch, SQL, Data Analysis, Machine Learning",mid,4,32.59,Algérie,"Français, Allemand",23,0.801,0.803,3.58,0.133,0.615,14,30,3.7,3.7,12873610
FL0143,ابتكار العوازم,data,"NLP, Tableau, PyTorch, Deep Learning, Power BI",mid,6,47.84,Tunisie,Espagnol,5,0.759,0.753,4.59,0.148,0.495,0,30,3.4,4.9,12329018
FL0144,Arnaude-Madeleine Daniel,marketing,"TikTok Ads, Content Strategy, Facebook Ads, Email Marketing, Analytics",senior,8,67.06,Algérie,"Espagnol, Arabe",6,0.79,1.0,5.0,0.118,0.787,3,10,1.1,5.8,72009642
FL0145,Louis Le Maury,design,"Figma, Branding, Photoshop",junior,2,8.23,France,"Arabe, Espagnol",90,0.66,0.492,3.34,0.219,0.581,7,10,13.6,1.5,45940545
FL0146,سلطان الألجاوي,writing,"Traduction, Rédaction Web, Blog",mid,5,39.41,France,Anglais,24,0.813,0.711,4.03,0.209,0.677,1,10,6.4,3.5,51035914
FL0147,تحسين بنو لام,marketing,"TikTok Ads, Google Ads, Email Marketing, Content Strategy",expert,9,96.51,Tunisie,"Arabe, Anglais",46,0.907,1.0,4.51,0.12,1.0,0,20,2.0,7.5,11903667
FL0148,Gloria Richardson,marketing,"Copywriting, Google Ads, Content Strategy",expert,10,101.64,Belgique,Français,200,0.948,0.949,4.14,0.101,0.85,3,20,7.9,9.6,47952713
FL0149,Dawn Jackson,design,"UI/UX, Illustrator",expert,8,110.14,France,"Espagnol, Anglais",65,0.91,0.934,4.98,0.018,0.949,0,20,11.7,7.8,26991031
FL0150,Marguerite Nicolas-Faivre,marketing,"TikTok Ads, Copywriting",junior,2,20.79,Algérie,"Arabe, Espagnol",19,0.593,0.497,2.35,0.238,0.517,1,30,13.7,1.7,43306565
FL0151,Ms. Rebecca Hawkins,data,"Computer Vision, SQL, Machine Learning, Data Analysis, Power BI",junior,2,17.21,Maroc,"Espagnol, Français",52,0.621,0.541,3.21,0.203,0.498,1,10,5.3,1.9,36745998
FL0152,Kendra Khan,marketing,"Facebook Ads, Google Ads, SEO, Content Strategy",junior,2,14.83,France,"Allemand, Anglais",5,0.559,0.514,2.67,0.226,0.457,3,40,8.5,0.8,36045172
FL0153,Ryan Greer,writing,"UX Writing, Blog, Rédaction Web, Journalisme, Technical Writing",mid,4,24.61,Tunisie,Anglais,7,0.76,0.761,4.38,0.182,0.622,0,40,2.5,2.7,57168620
FL0154,Joseph Vaillant,data,"SQL, Spark",junior,4,10.08,France,"Français, Allemand",91,0.646,0.553,2.84,0.2,0.504,7,30,6.1,1.0,83193495
FL0155,Trevor Cooper,design,"Adobe XD, Motion Design, Blender, Photoshop, Illustrator",mid,5,25.0,France,"Arabe, Anglais",57,0.726,0.789,3.74,0.136,0.769,3,30,5.5,4.7,94525808
FL0156,Savannah Morales,data,"NLP, Computer Vision, TensorFlow",junior,3,23.02,France,"Arabe, Français",24,0.679,0.477,2.85,0.193,0.558,7,40,4.0,1.7,14032164
FL0157,يسري غطفان,design,"Webflow, Illustrator, Figma, Branding",mid,5,17.48,Maroc,Anglais,99,0.865,0.623,3.79,0.12,0.784,3,30,13.8,4.6,85018656
FL0158,Alice Roussel,data,"Deep Learning, PyTorch",senior,7,85.63,Tunisie,Anglais,8,0.896,0.806,4.37,0.124,0.579,14,30,2.0,6.0,91867812
FL0159,الدكتورة نشوة الدليم,data,"Deep Learning, TensorFlow, Data Analysis, Machine Learning",junior,3,8.0,Tunisie,"Espagnol, Anglais",18,0.72,0.461,3.01,0.192,0.488,0,10,26.2,3.4,25543185
FL0160,ابتكار البشيتي,writing,"UX Writing, Ghostwriting, Journalisme, Traduction",mid,4,8.88,Canada,Allemand,5,0.707,0.763,4.59,0.171,0.784,14,20,7.9,4.8,92207073
FL0161,Sergio Ferguson,data,"Machine Learning, Data Analysis, TensorFlow, SQL",mid,4,44.67,Maroc,Français,42,0.72,0.655,3.88,0.148,0.664,14,30,1.9,5.6,27673463
FL0162,Mathilde Faivre,marketing,"Email Marketing, TikTok Ads, Content Strategy, Facebook Ads",mid,4,18.11,Tunisie,"Espagnol, Anglais",52,0.739,0.817,3.94,0.16,0.7,1,20,4.8,4.5,41227550
FL0163,الدكتور ثقيف الدسوقي,dev,"TypeScript, Flutter, Swift",mid,5,29.48,Tunisie,"Français, Allemand",67,0.794,0.747,4.1,0.223,0.626,3,20,2.5,3.7,15578675
FL0164,كمال عويضة,dev,"Swift, Python, FastAPI, Django",mid,5,24.87,Tunisie,Espagnol,38,0.621,0.756,4.01,0.05,0.618,7,40,2.7,3.0,82787874
FL0165,Michael Webb,design,"UI/UX, Motion Design, Adobe XD, Figma",expert,9,111.96,France,Allemand,76,0.891,0.964,4.51,0.0,0.917,3,10,0.7,7.8,98016082
FL0166,سجى السروري,design,"Motion Design, Illustrator, Branding, 3D Modeling",senior,6,59.84,Canada,Arabe,59,0.917,0.965,4.61,0.097,1.0,0,30,5.1,6.9,97309030
FL0167,فالح عضل,marketing,"TikTok Ads, SEO, Copywriting",senior,6,75.82,Maroc,Anglais,29,0.764,0.796,4.63,0.097,0.641,0,10,4.8,6.2,26093346
FL0168,الدكتور ناصر شويفاتي,design,"Motion Design, Webflow",senior,6,65.16,Tunisie,"Anglais, Français",21,0.749,0.842,4.53,0.104,0.747,3,10,0.0,5.0,11656579
FL0169,Marie Bruneau,data,"Power BI, SQL, PyTorch, Data Analysis, Tableau",junior,3,9.32,Canada,"Anglais, Espagnol",17,0.691,0.567,2.95,0.19,0.695,3,30,11.1,3.2,30113293
FL0170,Lucas Harris,marketing,"Email Marketing, Google Ads, Content Strategy",senior,8,43.23,France,"Français, Anglais",120,0.893,0.793,4.3,0.068,0.559,3,40,0.9,7.1,17717878
FL0171,Victor Bouvier,writing,"Ghostwriting, Traduction, Blog",mid,6,44.66,Tunisie,Anglais,35,0.865,0.712,4.11,0.172,0.558,0,20,1.5,3.8,52152253
FL0172,Michel Leduc,writing,"Traduction, Blog, Journalisme",mid,6,17.47,Maroc,Allemand,36,0.632,0.742,3.9,0.143,0.779,0,30,17.0,3.1,16995551
FL0173,Sabine Sanchez,writing,"Blog, UX Writing, Technical Writing, Traduction, Rédaction Web",mid,5,37.39,France,Arabe,15,0.702,0.848,4.09,0.104,0.764,0,20,1.1,4.5,38432259
FL0174,Alexandre Ollivier,dev,"React, Rust, Django, TypeScript, Python",expert,8,82.97,Tunisie,Allemand,1,1.0,0.732,5.0,0.084,0.733,14,10,1.6,9.0,38749130
FL0175,الأستاذ صقر النشاشيبي,writing,"Ghostwriting, Journalisme, Rédaction Web, Blog, UX Writing",mid,6,39.99,Maroc,"Français, Espagnol",38,0.796,0.576,3.34,0.137,0.59,0,10,20.2,5.9,80185010
FL0176,Joséphine Loiseau,data,"Deep Learning, Data Analysis, TensorFlow, SQL, Machine Learning",mid,6,24.0,Belgique,Anglais,57,0.812,0.639,3.82,0.152,0.695,0,40,0.5,4.1,37464881
FL0177,Benjamin Gros,design,"Webflow, Illustrator, Figma",mid,6,36.69,Canada,Espagnol,5,0.957,0.829,3.65,0.146,0.714,3,30,10.0,3.9,53195804
FL0178,الدكتور لهفان بجيلة,data,"Computer Vision, Spark, Deep Learning, TensorFlow",mid,6,38.56,Tunisie,"Anglais, Espagnol",7,0.794,0.853,4.14,0.124,0.929,1,40,10.6,4.3,89579137
FL0179,يونس حجازي,dev,"Rust, Flutter, Go, Python, TypeScript",expert,10,97.34,Tunisie,Arabe,4,0.94,0.899,3.98,0.039,0.793,1,10,0.8,7.3,24979438
FL0180,Brandon Gordon,writing,"Traduction, Journalisme, Blog, Rédaction Web, Ghostwriting",senior,6,62.48,France,Espagnol,8,0.896,0.884,4.06,0.133,0.733,0,20,5.1,6.7,68170463
FL0181,Brian Evans,design,"Illustrator, 3D Modeling, Photoshop, UI/UX",junior,2,18.9,France,Espagnol,5,0.73,0.628,3.32,0.192,0.512,7,20,5.9,1.9,65056580
FL0182,Jennifer Campbell,design,"UI/UX, Figma, Blender, Photoshop",mid,6,26.38,Tunisie,"Allemand, Espagnol",173,0.715,0.812,3.99,0.151,0.582,0,20,1.6,5.3,25261736
FL0183,Adrian Wilson,dev,"Docker, REST API",senior,6,45.82,Canada,Allemand,23,0.959,1.0,4.33,0.095,0.67,1,20,0.7,6.0,84494732
FL0184,المهندسة مادلين المظفر,design,"Webflow, Blender, Figma",mid,6,48.22,Tunisie,Espagnol,63,0.843,0.86,3.97,0.114,0.658,1,10,1.9,3.3,61639220
FL0185,Théophile Le Petitjean,writing,"UX Writing, Traduction, Blog, Journalisme",senior,8,111.41,Tunisie,Arabe,38,0.893,0.987,4.35,0.143,0.918,1,30,8.2,6.5,76038930
FL0186,الأستاذ عثمان قحطان,design,"Illustrator, Blender, 3D Modeling, Figma",expert,10,126.84,Tunisie,Anglais,85,0.988,0.891,4.95,0.125,0.91,0,20,3.8,9.0,19140738
FL0187,Alexandrie Thomas,data,"Computer Vision, SQL, Deep Learning",mid,4,40.94,Maroc,Allemand,20,0.745,0.802,3.67,0.127,0.648,3,30,7.5,3.7,31177839
FL0188,Matthieu Da Costa,data,"SQL, Spark",mid,6,18.68,France,"Allemand, Anglais",34,0.768,0.695,3.3,0.15,0.875,0,30,10.6,3.9,33966350
FL0189,السيد عزّت يشكر,dev,"AWS, JavaScript, Swift, Flutter, Python",junior,4,21.05,Sénégal,Français,12,0.505,0.561,4.19,0.166,0.616,0,30,4.0,1.9,13953423
FL0190,Kelly Howell DDS,data,"NLP, TensorFlow, Spark",junior,3,13.64,Tunisie,Français,0,0.0,0.0,0.0,0.0,0.0,0,40,1.7,3.0,87793222
FL0191,Emmanuel Pires,data,"Machine Learning, Spark, Data Analysis",mid,5,39.86,Algérie,Anglais,20,0.873,0.721,4.24,0.139,0.69,7,10,3.4,3.9,27933162
FL0192,Stéphane Lenoir-Gay,writing,"Traduction, UX Writing, Ghostwriting",expert,10,78.05,Maroc,Arabe,200,1.0,0.913,4.72,0.0,0.849,0,30,0.8,8.3,19301698
FL0193,Marie Klein,dev,"Rust, GraphQL, FastAPI, Docker, Node.js",senior,8,28.15,Tunisie,"Français, Arabe",12,0.87,0.747,4.1,0.158,0.824,1,40,15.4,4.3,98099066
FL0194,Brent Lyons,design,"UI/UX, Photoshop, 3D Modeling, Blender",junior,2,13.46,Tunisie,"Arabe, Allemand",12,0.509,0.67,3.57,0.236,0.535,0,20,10.6,2.2,46585336
FL0195,ناجي العجمان,writing,"Ghostwriting, Journalisme, Traduction, Blog",mid,6,34.56,Belgique,"Anglais, Allemand",1,0.954,0.588,3.16,0.174,0.612,1,10,8.7,3.7,13705673
FL0196,المهندس قائد معتوق,dev,"MongoDB, Rust, Node.js, Go, Flutter",mid,6,26.91,Maroc,"Anglais, Allemand",76,0.682,0.8,5.0,0.147,0.719,3,10,6.9,4.1,29980619
FL0197,Vicki Bates,writing,"Technical Writing, UX Writing",mid,4,42.45,Sénégal,Anglais,9,0.795,0.76,3.42,0.182,0.737,1,20,5.8,3.3,60576984
FL0198,Emily Anderson,writing,"Blog, Rédaction Web, Technical Writing, UX Writing",mid,4,8.16,Canada,"Espagnol, Français",40,0.791,0.639,4.02,0.131,0.391,7,10,3.4,2.8,96967588
FL0199,Lauren Mathis,writing,"Rédaction Web, UX Writing",expert,9,116.92,Canada,"Anglais, Espagnol",3,0.85,0.709,4.91,0.01,0.928,7,30,6.4,8.4,75112170
FL0200,Éric Boulanger-Rey,design,"Blender, 3D Modeling, Branding, Illustrator",mid,6,36.26,Canada,"Espagnol, Français",86,0.729,0.761,3.46,0.124,0.86,7,20,4.2,3.7,53446491
FL0201,Juliette Lebreton,dev,"AWS, TypeScript, Vue.js, REST API, FastAPI",mid,5,36.03,Tunisie,"Anglais, Français",21,0.76,0.762,3.99,0.188,0.494,1,40,2.2,4.1,52272781
FL0202,Émile Fontaine,data,"Machine Learning, Data Analysis, Power BI, Spark",mid,4,54.04,Canada,"Arabe, Français",164,0.753,0.633,4.29,0.147,0.569,3,20,0.2,4.4,35940023
FL0203,Adèle Delaunay-Buisson,dev,"Swift, MongoDB",senior,6,70.14,Belgique,Espagnol,29,1.0,0.791,4.18,0.095,0.772,7,20,1.8,7.1,63782512
FL0204,هيا بنو ليث,design,"Branding, UI/UX, 3D Modeling",expert,9,109.73,France,"Anglais, Français",60,0.786,0.762,4.52,0.125,0.826,0,30,7.1,8.3,89453662
FL0205,Brandon Gonzalez,dev,"Kubernetes, Kotlin, REST API, Vue.js",junior,4,15.04,Maroc,"Français, Arabe",16,0.669,0.704,2.92,0.243,0.541,1,40,1.7,1.1,46678338
FL0206,Vincent Bailly de Lévy,data,"Machine Learning, Data Analysis, NLP, PyTorch, Tableau",senior,8,73.05,Algérie,"Arabe, Espagnol",2,0.832,0.838,4.47,0.146,0.788,3,30,9.3,5.6,50086042
FL0207,قصيد مراد,marketing,"TikTok Ads, Facebook Ads, Content Strategy",junior,3,19.68,Tunisie,Espagnol,2,0.605,0.488,3.58,0.266,0.512,0,20,3.2,1.3,52028225
FL0208,Émile Roux,marketing,"TikTok Ads, Google Ads, Analytics, Email Marketing",junior,3,10.08,Tunisie,"Français, Anglais",5,0.69,0.53,3.53,0.207,0.53,1,10,11.9,3.1,94076531
FL0209,Benjamin Atkins,writing,"Technical Writing, Rédaction Web, Traduction",junior,4,26.24,Tunisie,Français,5,0.493,0.592,3.26,0.16,0.435,1,10,15.8,1.2,66334257
FL0210,Mary Taylor,design,"Adobe XD, Illustrator, Webflow, UI/UX, 3D Modeling",senior,7,98.51,Maroc,"Arabe, Français",2,0.681,0.763,4.49,0.048,0.725,3,10,7.1,5.5,50146377
FL0211,Céline Pineau,dev,"Python, Vue.js, Kubernetes, React, Flutter",junior,4,16.97,Tunisie,Allemand,26,0.717,0.464,2.89,0.171,0.658,7,40,22.3,2.9,60604699
FL0212,أريج الحلواني,marketing,"Google Ads, Influencer Marketing, Content Strategy, Email Marketing",junior,3,15.64,Algérie,"Arabe, Allemand",34,0.597,0.588,3.71,0.179,0.397,14,20,14.7,2.6,38200380
FL0213,الأستاذ عطاء قريش,marketing,"Google Ads, Influencer Marketing, Analytics, Email Marketing, Copywriting",mid,5,42.65,Tunisie,Français,24,0.798,0.674,3.68,0.171,0.797,14,20,4.8,3.7,43620931
FL0214,Margaux Lenoir,design,"Illustrator, Webflow",expert,9,71.04,France,Arabe,59,0.909,0.863,4.56,0.048,0.879,0,40,7.5,8.7,86494875
FL0215,Amy Williamson,dev,"REST API, Vue.js",mid,5,38.36,France,"Allemand, Français",40,0.796,0.722,3.93,0.136,0.732,0,20,4.1,3.2,15379087
FL0216,Yves Leblanc,marketing,"Content Strategy, Email Marketing, Copywriting",mid,4,24.93,France,"Français, Allemand",33,0.672,0.761,3.83,0.165,0.651,0,30,14.3,4.7,73301252
FL0217,Jonathan Gilmore,data,"Deep Learning, Data Analysis",mid,5,34.27,France,"Anglais, Français",3,0.73,0.681,3.77,0.123,0.608,0,10,0.7,3.3,73791746
FL0218,نصوح بنو كنز,dev,"Flutter, Vue.js",mid,4,24.08,Tunisie,Allemand,23,0.936,0.837,3.59,0.154,0.669,7,20,0.4,4.4,13605930
FL0219,Bethany Smith,data,"PyTorch, Spark, Data Analysis",junior,2,13.96,Sénégal,Arabe,0,0.0,0.0,0.0,0.0,0.0,3,40,1.2,1.8,26530469
FL0220,السيد فالح بنو شهر,writing,"Technical Writing, Traduction, Ghostwriting, Journalisme",junior,4,11.63,Tunisie,Allemand,30,0.598,0.519,3.17,0.176,0.597,7,40,0.9,0.0,85156527
FL0221,المهندسة لتين الدجاني,design,"Blender, Figma, Illustrator, Branding, Motion Design",mid,5,28.56,Tunisie,"Arabe, Espagnol",17,0.796,0.744,3.9,0.19,0.669,1,30,5.4,3.8,38912970
FL0222,Cody Sanchez,data,"Spark, Machine Learning, Data Analysis",expert,8,128.12,Tunisie,Espagnol,17,1.0,1.0,4.78,0.054,0.733,3,10,8.3,10.0,58286677
FL0223,المهندسة نشوة الفتياني,design,"Illustrator, Motion Design, Webflow, Figma, Branding",mid,5,39.06,Belgique,"Espagnol, Allemand",23,0.847,0.585,3.88,0.106,0.811,30,20,4.0,4.8,29407219
FL0224,ريناد عليان,data,"Data Analysis, Tableau, Computer Vision",mid,6,36.35,Belgique,Français,5,0.716,0.705,3.54,0.213,0.611,0,20,15.7,4.7,85589635
FL0225,Patrick Parent,marketing,"Copywriting, Influencer Marketing, Content Strategy",junior,3,9.34,Canada,"Allemand, Français",25,0.709,0.669,3.69,0.226,0.575,0,20,1.7,2.9,49977070
FL0226,Joseph Mendoza,marketing,"Copywriting, Influencer Marketing, Analytics, Content Strategy, Email Marketing",mid,6,46.87,Canada,"Anglais, Arabe",157,0.882,0.809,4.22,0.158,0.584,0,40,0.9,4.3,54612279
FL0227,ناهد بنو أمية,marketing,"SEO, TikTok Ads, Content Strategy, Email Marketing, Google Ads",expert,9,108.22,Tunisie,Anglais,37,0.827,0.903,4.63,0.057,1.0,0,30,0.1,8.1,57184754
FL0228,Aurore Bodin,data,"SQL, Computer Vision, NLP",mid,4,29.18,Belgique,Allemand,78,0.819,0.599,3.99,0.13,0.727,0,10,0.8,5.5,80644911
FL0229,الأستاذ حسين حاشد,data,"NLP, Tableau, Data Analysis, Spark, PyTorch",junior,4,8.26,Tunisie,"Espagnol, Anglais",31,0.752,0.666,2.74,0.223,0.453,14,10,12.1,1.0,44671517
FL0230,Luis Guzman,dev,"MongoDB, Go",mid,5,37.62,Tunisie,"Allemand, Anglais",27,0.66,0.772,3.87,0.194,0.607,0,40,2.2,3.7,13936201
FL0231,Zoé Blanc,marketing,"Influencer Marketing, Analytics, Google Ads",mid,5,25.96,Tunisie,Allemand,24,0.715,0.656,4.16,0.193,0.638,1,30,1.4,3.6,70889649
FL0232,السيد صعب جذام,writing,"UX Writing, Ghostwriting, Blog",junior,4,16.87,France,Allemand,17,0.58,0.716,3.24,0.226,0.496,7,30,1.4,1.9,65021005
FL0233,السيد ماجد ميرفاب,marketing,"SEO, Copywriting, Email Marketing, Facebook Ads, Google Ads",junior,3,14.11,France,Français,54,0.579,0.717,3.46,0.135,0.497,0,40,9.2,2.0,53227914
FL0234,بنان عبده,data,"TensorFlow, Power BI, PyTorch, Deep Learning",junior,3,9.25,France,"Anglais, Allemand",36,0.612,0.517,2.98,0.159,0.542,1,40,0.3,0.3,67832314
FL0235,Michelle Johnson,design,"Blender, Figma, Webflow",mid,4,31.69,Sénégal,"Anglais, Français",140,0.761,0.662,4.29,0.18,0.817,7,40,7.1,3.5,33428923
FL0236,Tommy Delgado,design,"Figma, Motion Design, Webflow, Blender",mid,4,28.42,Canada,Allemand,2,0.695,0.729,3.22,0.116,0.747,0,20,2.8,4.6,82038214
FL0237,Matthieu Pineau,data,"TensorFlow, NLP, Machine Learning, Data Analysis",mid,4,35.0,Tunisie,"Allemand, Arabe",19,0.766,0.629,3.17,0.198,0.574,0,20,7.8,1.3,61313915
FL0238,Dr. Kurt Hicks,dev,"REST API, PostgreSQL, JavaScript, AWS",expert,8,100.27,Canada,"Anglais, Français",4,0.899,0.968,5.0,0.087,0.954,30,30,5.8,7.8,31871753
FL0239,حيدر بنو فراس,marketing,"Facebook Ads, Analytics, Copywriting, Google Ads, TikTok Ads",junior,3,17.35,Maroc,"Français, Allemand",7,0.64,0.534,3.16,0.172,0.662,7,20,4.0,1.4,65227542
FL0240,Brian Walton,dev,"FastAPI, Vue.js",mid,4,48.74,Tunisie,"Espagnol, Anglais",3,0.71,0.49,4.03,0.203,0.517,7,10,1.3,4.1,21534202
FL0241,Olivier Diaz,marketing,"TikTok Ads, Google Ads, SEO, Facebook Ads",senior,6,65.17,Maroc,Espagnol,2,0.861,0.909,4.45,0.101,0.829,1,40,6.7,5.9,65072404
FL0242,Richard Roberts,dev,"Rust, Node.js, Django, Python, GraphQL",senior,7,50.67,France,"Allemand, Arabe",133,0.885,1.0,4.29,0.136,0.911,3,10,3.5,6.9,28642258
FL0243,Lacey Anderson,marketing,"Email Marketing, Influencer Marketing, TikTok Ads",junior,3,19.23,Maroc,Arabe,10,0.619,0.566,2.71,0.222,0.53,7,30,26.7,1.3,41083483
FL0244,Pierre Vasseur,design,"Blender, Webflow, Illustrator, Adobe XD, Motion Design",mid,6,34.43,Tunisie,"Anglais, Espagnol",4,0.787,0.623,4.28,0.22,0.678,0,30,11.0,4.5,91346354
FL0245,Jennifer Phillips,data,"PyTorch, SQL, Power BI",expert,9,121.18,France,"Français, Espagnol",138,1.0,0.905,4.68,0.062,0.85,3,10,4.5,8.2,11267438
FL0246,Susanne Navarro,design,"Webflow, 3D Modeling, Branding, Illustrator, Adobe XD",junior,2,10.52,Tunisie,Espagnol,67,0.624,0.506,2.99,0.218,0.545,0,10,9.9,1.2,28164265
FL0247,Kristy Patterson,dev,"Django, Python, Vue.js, Kubernetes, Swift",expert,10,127.78,France,Arabe,6,1.0,0.975,4.5,0.037,0.801,1,20,15.6,8.0,82538543
FL0248,أسرار ثقيف,dev,"REST API, PostgreSQL",junior,3,19.98,France,Français,6,0.7,0.564,3.93,0.244,0.717,0,40,0.7,1.1,46733517
FL0249,Brendan Bowen,dev,"Django, GraphQL, TypeScript",mid,4,14.78,Belgique,"Anglais, Arabe",50,0.72,0.631,3.56,0.118,0.632,3,30,4.0,4.8,75012192
FL0250,تحسين نجيب,data,"Machine Learning, Tableau, Power BI, Computer Vision, NLP",expert,8,93.67,Algérie,Espagnol,29,0.959,0.93,4.77,0.035,0.779,3,30,0.7,6.8,40690853
FL0251,Miguel Cameron,design,"Blender, Figma, Webflow, UI/UX, Photoshop",expert,9,167.0,Algérie,"Français, Allemand",23,0.859,1.0,4.3,0.065,0.692,3,10,4.1,8.9,69331882
FL0252,Alyssa Lambert,design,"Figma, Motion Design, UI/UX, Branding, Illustrator",junior,2,10.73,Tunisie,Allemand,26,0.49,0.685,3.07,0.237,0.486,0,40,3.0,3.0,85303786
FL0253,Auguste Le Laporte,data,"TensorFlow, Computer Vision, NLP, Tableau",junior,3,27.78,Algérie,"Français, Arabe",10,0.781,0.704,2.79,0.218,0.491,7,20,2.0,1.9,94764296
FL0254,David Gonzalez,dev,"Django, Swift, Kubernetes",senior,6,29.47,Maroc,"Arabe, Anglais",116,0.814,0.813,3.8,0.09,0.877,0,40,3.3,5.3,35187415
FL0255,السيدة ريم قريش,data,"Data Analysis, NLP, Power BI, Machine Learning, SQL",junior,4,19.88,France,Espagnol,12,0.667,0.439,2.97,0.146,0.604,0,10,3.6,2.3,77148998
FL0256,Amy Bryant,writing,"UX Writing, Ghostwriting, Traduction, Technical Writing",junior,3,20.37,Maroc,Allemand,42,0.59,0.567,3.38,0.227,0.525,0,30,3.6,0.8,70262166
FL0257,Danielle Marty,dev,"Rust, Kotlin, React, AWS",mid,5,54.51,Tunisie,"Arabe, Français",18,0.873,0.876,3.97,0.158,0.806,0,10,0.3,5.1,92375498
FL0258,Margaret Meyer,marketing,"SEO, TikTok Ads",senior,7,76.1,Maroc,Allemand,16,0.882,0.759,4.7,0.086,0.623,14,20,3.0,5.0,85908745
FL0259,Pénélope Barbier,dev,"Kotlin, Kubernetes, GraphQL",mid,4,20.08,Tunisie,Allemand,10,0.893,0.75,4.0,0.129,0.617,7,20,2.2,3.5,91372148
FL0260,Françoise Coulon,design,"Illustrator, Blender, Motion Design",mid,5,27.76,Tunisie,"Français, Arabe",25,0.734,0.612,3.91,0.114,0.773,14,20,4.1,3.9,79635359
FL0261,Franck-Jean Bourdon,dev,"FastAPI, JavaScript, Swift, Kotlin",junior,2,11.17,France,Français,9,0.607,0.622,3.56,0.22,0.536,0,20,5.0,1.6,37326518
FL0262,Théodore Leconte,design,"Photoshop, Webflow",senior,8,67.16,Sénégal,"Espagnol, Allemand",41,0.957,0.772,4.56,0.125,0.789,7,10,1.6,5.4,73693267
FL0263,Nicole Cordier,data,"Data Analysis, PyTorch, Deep Learning, Spark",expert,8,152.21,Algérie,"Arabe, Anglais",186,0.873,0.853,5.0,0.106,0.931,7,20,1.1,6.5,80880643
FL0264,Randall Harrison,dev,"REST API, FastAPI, Kotlin",mid,5,21.84,Algérie,Anglais,38,0.82,0.793,3.4,0.105,0.605,0,40,2.0,3.3,47388902
FL0265,Maurice Dupuy,data,"Tableau, Spark, SQL, Data Analysis",senior,6,50.81,France,"Allemand, Arabe",79,0.867,0.906,3.86,0.133,0.766,14,40,1.0,5.6,11738520
FL0266,Nathan Madden,dev,"Rust, AWS, Django, Node.js",junior,2,17.9,Tunisie,Allemand,45,0.811,0.623,3.07,0.21,0.507,1,10,1.2,2.1,49477050
FL0267,Christina Mcdonald,design,"Blender, Illustrator",mid,6,30.99,France,Espagnol,26,0.9,0.849,4.52,0.133,0.655,0,40,7.0,3.7,93790612
FL0268,Mathilde Thierry,dev,"REST API, Python, Kotlin",junior,3,11.02,Tunisie,"Espagnol, Français",30,0.562,0.479,3.36,0.189,0.7,3,10,8.7,2.0,86533826
FL0269,Wendy Allen,design,"UI/UX, Photoshop, Figma",senior,8,49.19,Tunisie,Français,174,0.909,0.865,4.21,0.106,0.769,7,30,1.5,8.1,39371717
FL0270,قدري حوالة,marketing,"Analytics, Facebook Ads, Influencer Marketing, Google Ads",expert,8,69.76,Algérie,Espagnol,55,1.0,0.767,4.27,0.06,0.748,14,40,2.6,8.9,26091351
FL0271,ضيائي البيسار القعقور,design,"Motion Design, Adobe XD, Blender, Illustrator, Branding",junior,4,15.74,France,"Français, Allemand",9,0.71,0.85,3.27,0.181,0.832,3,10,10.1,0.9,97146011
FL0272,Jared Lopez,design,"Photoshop, Webflow, Adobe XD",mid,5,36.29,France,"Français, Arabe",7,0.785,0.555,4.03,0.119,0.851,14,40,17.5,4.5,52008569
FL0273,مرعي غوشة,writing,"Correction, UX Writing",senior,6,76.82,Tunisie,Allemand,27,0.853,0.874,4.08,0.115,0.714,30,30,0.1,7.6,24576222
FL0274,المهندس خضر بني رشيد,dev,"FastAPI, Docker, Rust, JavaScript",mid,4,43.67,Maroc,Espagnol,54,0.621,0.54,3.58,0.207,0.639,0,40,4.5,4.1,33726308
FL0275,Tyler Burgess,writing,"Ghostwriting, Blog, Traduction, Correction, UX Writing",mid,4,38.07,Sénégal,Anglais,17,0.84,0.587,4.26,0.195,0.569,0,20,7.5,1.5,43388836
FL0276,بلقيس الطحان,data,"NLP, Tableau, TensorFlow",mid,4,29.65,France,"Anglais, Français",9,0.827,0.806,3.43,0.172,0.697,3,10,0.3,3.1,91167328
FL0277,Maggie du Guilbert,marketing,"TikTok Ads, Google Ads, Facebook Ads, Content Strategy, SEO",junior,4,21.88,Canada,Anglais,30,0.733,0.801,3.56,0.171,0.603,7,30,1.6,2.9,85484585
FL0278,عبد الغني مطير,marketing,"Content Strategy, Email Marketing",junior,2,9.27,France,Français,14,0.775,0.429,3.19,0.175,0.733,1,10,22.3,2.6,98904636
FL0279,Étienne du Gomez,data,"Tableau, SQL",senior,8,62.95,France,"Anglais, Français",42,0.785,0.871,5.0,0.037,0.775,0,10,3.4,6.2,88093950
FL0280,الأستاذة مايا تنوخ,dev,"GraphQL, Django, AWS, JavaScript, Kotlin",senior,7,21.89,Canada,Anglais,20,0.77,0.812,4.34,0.107,0.705,0,30,0.5,5.1,51303290
FL0281,ذيب عذرة,data,"Spark, PyTorch",mid,6,38.63,Maroc,"Espagnol, Arabe",1,0.866,0.743,4.26,0.153,0.69,7,30,2.1,2.7,90434589
FL0282,الأستاذ حيّان الوعري,design,"Motion Design, Branding",mid,4,23.7,Tunisie,Arabe,45,0.82,0.721,4.4,0.162,0.657,1,30,11.8,3.1,19578398
FL0283,Diane Guillot de la Barbier,data,"NLP, Spark, Computer Vision, SQL, Data Analysis",mid,5,45.45,France,Espagnol,106,0.651,0.848,4.06,0.121,0.6,7,10,2.8,6.9,28681803
FL0284,Lorraine Godard,dev,"Flutter, Kubernetes",mid,4,37.92,Tunisie,Français,55,0.776,0.785,3.55,0.157,0.682,14,30,1.8,6.8,56034285
FL0285,Lucie Joseph,marketing,"Email Marketing, Google Ads",senior,8,93.74,Maroc,Arabe,21,0.95,0.689,4.22,0.099,0.856,3,30,2.8,6.9,71409075
FL0286,صلاح الدّين طوطح,marketing,"TikTok Ads, Analytics",junior,4,20.32,Maroc,Allemand,92,0.57,0.652,3.6,0.205,0.665,0,30,2.5,0.8,62076392
FL0287,Connor Armstrong,marketing,"Google Ads, Email Marketing, Facebook Ads, Analytics, TikTok Ads",junior,3,12.16,Sénégal,"Français, Anglais",26,0.672,0.732,2.8,0.17,0.514,1,10,5.2,2.0,33215332
FL0288,Benjamin Thompson,design,"Blender, Photoshop",junior,2,12.4,Algérie,Espagnol,28,0.581,0.632,4.04,0.195,0.567,7,40,1.3,2.9,64639141
FL0289,حازم ارناؤوط,writing,"Traduction, Blog",senior,8,93.44,France,Allemand,11,0.843,0.831,4.53,0.101,0.855,0,20,15.9,6.3,59168816
FL0290,Rodney Ellis,data,"Deep Learning, PyTorch, Tableau",senior,8,41.21,Tunisie,Arabe,32,0.794,0.96,4.7,0.138,0.736,0,30,8.6,5.9,86510266
FL0291,جميلة الحلاق,data,"Computer Vision, Spark, Machine Learning",expert,10,122.36,France,Français,0,0.0,0.0,0.0,0.0,0.0,7,40,0.9,8.1,93829436
FL0292,Aurélie Boutin,marketing,"Facebook Ads, Copywriting, Analytics, SEO, Content Strategy",senior,8,42.04,France,Espagnol,67,0.902,0.858,4.27,0.082,0.773,0,40,0.8,7.3,39156243
FL0293,أفنان بنو شعبة,dev,"Kubernetes, Node.js",mid,6,32.62,Belgique,"Allemand, Français",49,0.716,0.615,4.34,0.133,0.684,1,10,12.7,5.0,79329865
FL0294,Cécile Le Guilbert,writing,"Journalisme, Blog",senior,7,45.8,Tunisie,Allemand,18,0.925,0.809,4.96,0.063,0.894,1,40,1.7,7.2,93736567
FL0295,المهندسة ليم هوازن,dev,"Node.js, Go, Flutter, Vue.js, React",mid,6,35.24,Tunisie,"Français, Anglais",32,0.673,0.69,4.8,0.122,0.587,14,30,3.5,5.5,94543853
FL0296,Kathleen White MD,design,"Motion Design, 3D Modeling, Illustrator, UI/UX",junior,4,8.0,Belgique,Allemand,21,0.768,0.577,3.63,0.144,0.694,1,10,3.4,3.4,14357339
FL0297,Tanya Smith,writing,"Correction, Ghostwriting, Blog",senior,8,74.64,Canada,"Français, Espagnol",5,1.0,0.885,5.0,0.099,0.836,1,30,10.5,5.9,45816519
FL0298,دؤوب شمر,writing,"Journalisme, Technical Writing, Blog",junior,4,18.73,Tunisie,"Allemand, Français",0,0.0,0.0,0.0,0.0,0.0,30,10,9.5,1.4,58077404
FL0299,Caroline Garcia,marketing,"Facebook Ads, Copywriting, Google Ads, Content Strategy",mid,6,26.62,Tunisie,Anglais,22,0.803,0.616,3.45,0.126,0.707,3,10,0.6,3.1,30987998
FL0300,Alfred Maury,writing,"Journalisme, Ghostwriting, Traduction",mid,6,47.35,Tunisie,"Allemand, Anglais",6,0.893,0.807,3.84,0.159,0.62,14,30,6.6,4.1,46900076
FL0301,الآنسة جوان القباني,writing,"Rédaction Web, Traduction, Ghostwriting, Blog, Journalisme",junior,2,14.1,Canada,"Espagnol, Français",0,0.0,0.0,0.0,0.0,0.0,0,40,2.6,1.7,84510735
FL0302,Maryse-Claudine Charrier,writing,"Journalisme, Rédaction Web",senior,6,92.89,Algérie,"Allemand, Anglais",109,0.862,0.711,4.67,0.072,0.667,0,20,1.4,6.9,79538933
FL0303,Suzanne Roy,dev,"Swift, FastAPI, GraphQL, TypeScript",mid,5,33.99,Tunisie,"Espagnol, Français",89,0.879,0.729,3.74,0.189,0.631,7,20,4.5,2.6,52491372
FL0304,Nicolas Le Gall,writing,"Rédaction Web, Traduction",mid,6,30.46,Maroc,"Allemand, Français",4,0.925,0.716,3.83,0.151,0.688,7,20,2.5,3.9,48733467
FL0305,الآنسة اعتماد بكر بن وائل,writing,"Traduction, Journalisme",mid,4,18.37,Sénégal,Arabe,33,0.621,0.58,4.26,0.184,0.629,3,30,2.8,4.7,22267234
FL0306,Paulette Launay,data,"TensorFlow, PyTorch",mid,6,38.57,Canada,Espagnol,5,0.66,0.789,3.8,0.195,0.625,0,20,9.9,3.4,15136597
FL0307,الأستاذ رسمي شرف,data,"Data Analysis, Computer Vision, Machine Learning",mid,5,49.38,Tunisie,"Espagnol, Anglais",13,0.708,0.811,3.95,0.111,0.768,0,30,2.0,2.6,50797317
FL0308,Georges Humbert,dev,"Go, Rust, Vue.js, PostgreSQL, Python",mid,4,32.55,Belgique,"Espagnol, Français",11,0.824,0.86,3.96,0.133,0.731,7,20,3.1,3.8,65676977
FL0309,السيدة جهراء البيطار,marketing,"SEO, Email Marketing",expert,10,69.5,Belgique,Espagnol,200,0.902,0.851,4.38,0.015,0.831,0,20,2.4,8.3,34523237
FL0310,Frédéric Fontaine,design,"Webflow, Figma",mid,4,33.23,France,"Français, Espagnol",43,0.828,0.674,3.75,0.145,0.645,0,10,8.6,4.0,17506764
FL0311,Kevin Walker,writing,"Journalisme, Traduction, Rédaction Web",mid,5,31.7,Canada,"Espagnol, Allemand",7,0.81,0.736,3.72,0.195,0.479,0,20,1.8,4.3,63947575
FL0312,شبلي الشهابي,design,"Blender, Photoshop, Figma, Illustrator, Webflow",mid,4,46.19,Algérie,"Espagnol, Français",11,0.759,0.735,3.98,0.167,0.61,0,40,0.1,2.8,82681277
FL0313,هنادي عاملة,writing,"Technical Writing, UX Writing, Journalisme",mid,5,49.96,Canada,"Arabe, Anglais",1,0.751,0.811,4.35,0.158,0.646,0,30,20.9,4.0,90688521
FL0314,محمود شمران,data,"Computer Vision, TensorFlow, SQL",mid,4,29.79,Algérie,"Anglais, Français",35,0.753,0.804,4.16,0.151,0.681,3,40,17.5,3.8,28821309
FL0315,Nathalie Potier,dev,"PostgreSQL, Kubernetes, Flutter",senior,7,77.72,Sénégal,"Arabe, Espagnol",103,0.776,0.852,4.6,0.099,0.853,0,20,6.2,6.6,88165016
FL0316,Jason Ray,marketing,"Analytics, Google Ads, Copywriting, SEO",senior,8,93.43,Tunisie,Arabe,63,0.952,0.759,4.37,0.158,0.755,3,30,3.8,5.0,61543254
FL0317,Thibaut Schmitt,marketing,"Google Ads, Facebook Ads, Influencer Marketing, Content Strategy",mid,6,24.92,Maroc,"Arabe, Français",125,0.722,0.785,3.95,0.129,0.546,7,20,2.3,3.1,19650672
FL0318,الأستاذة بثينة سوميرة,writing,"Journalisme, Technical Writing",mid,4,23.55,Tunisie,"Espagnol, Anglais",1,0.769,0.767,4.48,0.132,0.724,3,20,1.6,3.3,80128785
FL0319,Allen Ward,marketing,"Google Ads, Influencer Marketing",senior,6,58.15,Belgique,"Allemand, Espagnol",4,0.746,0.86,3.78,0.117,0.699,14,30,7.9,5.1,10196238
FL0320,ليساء هندية,dev,"Flutter, GraphQL, AWS, JavaScript, Node.js",expert,8,85.01,France,Espagnol,84,0.95,0.917,4.7,0.078,0.908,0,30,1.6,8.5,96881427
FL0321,Yvonne Stephens,writing,"Blog, Journalisme",senior,8,55.45,Algérie,Anglais,157,0.98,0.938,4.27,0.107,0.809,14,40,3.6,5.9,88494902
FL0322,سبأ بنو الحارث بن كعب,writing,"UX Writing, Rédaction Web, Blog",junior,2,20.47,Belgique,Anglais,0,0.0,0.0,0.0,0.0,0.0,1,30,6.8,0.0,61194758
FL0323,Russell Cummings,writing,"Ghostwriting, Journalisme",senior,8,85.26,France,"Allemand, Français",8,0.922,0.858,4.82,0.131,0.726,7,40,0.7,5.4,72894662
FL0324,Jesse Price,writing,"Blog, UX Writing",mid,6,33.03,France,"Espagnol, Arabe",100,0.77,0.822,3.61,0.105,0.529,0,40,0.4,3.2,68176330
FL0325,Jillian Bullock,marketing,"Google Ads, Content Strategy, TikTok Ads, Facebook Ads",senior,8,68.52,France,Français,22,0.993,0.874,4.14,0.15,0.889,0,40,0.4,4.8,76455787
FL0326,الآنسة باهرة قيس عيلان,data,"SQL, Tableau",mid,4,17.14,Belgique,Français,33,0.763,0.813,4.79,0.155,0.703,3,40,9.6,4.0,80930052
FL0327,Mark Hill,writing,"Blog, Rédaction Web",mid,6,51.16,Canada,"Français, Arabe",70,0.906,0.566,3.68,0.158,0.51,1,20,0.6,3.1,70906903
FL0328,Marc Normand,design,"Blender, Figma",mid,6,42.3,Tunisie,Espagnol,1,1.0,0.719,4.61,0.165,0.625,7,40,0.9,3.3,62511143
FL0329,المهندس ضحّاك السروري,marketing,"Google Ads, SEO",mid,6,16.92,France,Arabe,3,0.844,0.666,3.67,0.206,0.595,0,10,4.4,4.4,97797188
FL0330,صعب القاعي,dev,"Docker, FastAPI, Flutter",expert,10,103.04,Tunisie,"Allemand, Arabe",54,1.0,0.799,4.44,0.01,0.871,1,20,2.6,8.7,32086344
FL0331,Henry Morris,data,"PyTorch, Data Analysis, Power BI",mid,5,21.93,Maroc,Anglais,11,0.816,0.689,4.12,0.118,0.616,1,10,6.7,4.9,34384047
FL0332,Claude Valentin,dev,"Python, AWS",junior,4,15.25,France,"Espagnol, Anglais",2,0.643,0.593,3.35,0.197,0.783,1,20,0.1,2.2,24319953
FL0333,Émile Rodriguez,data,"SQL, NLP, Data Analysis, Machine Learning",senior,8,49.89,Belgique,"Anglais, Allemand",2,0.896,0.681,4.75,0.105,0.754,1,20,1.6,4.5,97704694
FL0334,السيد صافي بنو كلب,dev,"MongoDB, React",junior,2,19.21,Tunisie,"Espagnol, Allemand",2,0.654,0.464,3.27,0.178,0.433,14,20,31.3,2.0,81081567
FL0335,المهندس يزيد الجبشة,design,"Figma, Adobe XD, Webflow",senior,7,77.75,Tunisie,"Allemand, Anglais",8,0.861,0.802,4.13,0.062,0.724,3,20,0.2,7.0,98795474
FL0336,Ronald Johnson,data,"Data Analysis, PyTorch, Tableau",mid,5,28.93,France,Anglais,6,0.821,0.51,4.05,0.173,0.547,0,40,0.1,3.7,60341656
FL0337,عاطف بنو شيبة,marketing,"TikTok Ads, Google Ads, Email Marketing, Copywriting, SEO",senior,8,57.06,Sénégal,Allemand,6,0.959,0.992,4.17,0.095,0.758,0,30,0.4,5.0,13350669
FL0338,Benjamin Ortiz,writing,"Rédaction Web, Technical Writing, Blog, Traduction",mid,6,50.07,Maroc,Espagnol,20,0.821,0.665,4.08,0.16,0.686,0,20,9.2,3.6,23357770
FL0339,April Lam,dev,"React, PostgreSQL",senior,8,87.94,Maroc,Anglais,62,0.818,0.91,5.0,0.117,0.764,7,30,1.7,5.4,34649673
FL0340,Luke Turner,dev,"Docker, FastAPI, GraphQL, Kotlin, React",mid,4,23.37,Maroc,"Français, Espagnol",18,0.762,0.717,3.94,0.141,0.743,1,20,4.4,3.6,81561537
FL0341,Denis Imbert-Goncalves,design,"Webflow, Blender, Motion Design",mid,5,44.86,France,Français,167,0.893,0.709,3.47,0.096,0.516,3,20,4.4,4.2,26974111
FL0342,الدكتور طائف الدقاق,dev,"Kotlin, Python",expert,9,99.3,France,"Espagnol, Anglais",24,0.852,0.884,5.0,0.064,0.849,0,40,7.3,9.8,74581163
FL0343,Clémence Pereira,writing,"Blog, Technical Writing",mid,5,45.24,Belgique,Espagnol,5,0.801,0.816,3.86,0.153,0.816,7,30,1.0,3.8,59846332
FL0344,خاشعة ألمع,writing,"Technical Writing, Rédaction Web, Journalisme, Ghostwriting, Traduction",junior,3,13.91,Sénégal,"Français, Espagnol",19,0.487,0.73,3.54,0.262,0.49,1,40,19.5,0.5,99117595
FL0345,Christophe Payet,dev,"React, Rust",mid,5,28.79,Tunisie,Arabe,17,0.904,0.568,3.24,0.211,0.886,1,10,4.1,3.9,11072855
FL0346,Margot Regnier,dev,"REST API, Flutter, JavaScript",senior,6,64.01,Canada,Français,55,1.0,0.945,4.24,0.088,0.733,30,20,2.2,8.0,54840525
FL0347,Philippine Guillon,design,"Figma, Adobe XD, 3D Modeling, UI/UX, Motion Design",mid,6,34.13,France,"Français, Espagnol",36,0.832,0.805,3.88,0.15,0.599,3,30,5.2,3.9,99713322
FL0348,Dominic Russell,writing,"Technical Writing, UX Writing, Correction, Rédaction Web, Traduction",senior,8,52.2,France,Arabe,36,1.0,0.855,3.75,0.09,0.703,0,30,1.0,6.7,24709864
FL0349,Audrey-Marcelle Leclercq,marketing,"TikTok Ads, Analytics, SEO, Facebook Ads",mid,4,48.25,Maroc,Espagnol,20,0.79,0.795,4.05,0.169,0.623,7,20,27.3,3.1,51805284
FL0350,شيّق البخاري,marketing,"Copywriting, Facebook Ads, SEO, TikTok Ads",senior,6,48.24,Maroc,"Espagnol, Français",28,0.806,0.954,4.54,0.046,0.844,7,10,11.2,5.9,42770440
FL0351,Luc-Eugène Valentin,writing,"Journalisme, Technical Writing, Ghostwriting",expert,8,107.25,France,"Espagnol, Français",200,0.954,0.853,4.46,0.086,0.828,3,30,0.9,8.9,34577616
FL0352,Cassandra Gutierrez,dev,"AWS, MongoDB, Python",senior,6,47.26,Maroc,"Anglais, Allemand",13,0.965,0.774,4.82,0.123,0.953,1,20,6.0,5.5,52663669
FL0353,Nicole Chauvet,dev,"AWS, Rust",mid,5,22.01,Maroc,"Espagnol, Allemand",53,0.807,0.717,3.86,0.204,0.72,0,10,9.7,3.4,77429880
FL0354,Henri Pelletier,design,"Blender, Motion Design, Branding, 3D Modeling, Webflow",senior,7,79.18,Tunisie,Français,57,0.924,0.934,4.18,0.094,0.944,0,30,2.0,6.6,67255144
FL0355,Aurore Langlois de Rousset,marketing,"Email Marketing, Content Strategy, Google Ads",mid,5,37.13,Canada,Français,8,0.655,0.607,3.91,0.185,0.758,0,20,0.4,2.5,10925453
FL0356,Tristan Couturier,dev,"Rust, Kubernetes",mid,4,41.62,Canada,Espagnol,25,0.703,0.848,3.68,0.093,0.579,0,40,1.8,4.4,97637311
FL0357,Léon Launay de Gros,design,"Webflow, Illustrator, 3D Modeling",senior,8,46.14,Tunisie,"Espagnol, Anglais",108,0.959,0.944,4.03,0.126,0.613,3,20,0.5,7.5,72818480
FL0358,Karen Martin,dev,"GraphQL, Flutter, PostgreSQL",senior,6,45.73,Algérie,Arabe,5,0.93,0.836,4.44,0.085,0.737,7,20,1.7,5.2,54607492
FL0359,Frédéric Gay,marketing,"Facebook Ads, SEO, TikTok Ads",mid,5,30.31,France,Français,10,0.735,0.736,3.79,0.18,0.845,0,10,1.4,4.9,47977164
FL0360,Samantha Harris,design,"Webflow, UI/UX, Photoshop",expert,9,79.27,Belgique,"Allemand, Anglais",22,0.823,0.965,5.0,0.051,0.678,3,30,0.1,8.5,19897857
FL0361,Julie Roberts,dev,"Rust, Node.js, Flutter, FastAPI",expert,9,84.61,Tunisie,Arabe,41,0.969,0.998,4.42,0.017,0.833,7,20,1.8,8.0,61040931
FL0362,زهرة بنو أسد,writing,"Traduction, Technical Writing, Ghostwriting",junior,3,8.0,Algérie,Arabe,5,0.653,0.597,2.29,0.176,0.595,14,30,2.1,2.0,62296408
FL0363,Noël Blin,marketing,"SEO, Copywriting, Google Ads, Analytics, Email Marketing",expert,8,96.13,Algérie,"Français, Allemand",13,0.889,0.816,4.78,0.013,0.926,0,40,0.1,7.6,34115690
FL0364,ليان ابو السعود,writing,"Blog, Traduction, Journalisme, UX Writing",mid,4,34.49,Tunisie,Allemand,28,0.778,0.791,4.09,0.157,0.759,14,40,1.9,3.8,26001784
FL0365,Whitney Sanford,design,"Adobe XD, Photoshop",junior,3,21.46,France,Espagnol,59,0.504,0.601,2.94,0.203,0.343,0,20,10.3,0.1,18180444
FL0366,Isaac Calhoun,dev,"Docker, Kubernetes, Django, AWS",junior,3,24.2,France,Français,14,0.7,0.626,3.46,0.2,0.435,0,30,3.3,2.0,72298009
FL0367,الآنسة بتلاء أنمار,dev,"REST API, Python, React, AWS",senior,8,82.33,Algérie,"Espagnol, Anglais",33,0.841,0.838,5.0,0.058,0.942,7,20,3.7,7.3,82580771
FL0368,الآنسة أسرار قحطان,writing,"Rédaction Web, Correction, Journalisme",expert,9,102.04,Canada,"Espagnol, Anglais",22,0.973,0.897,5.0,0.076,0.938,0,30,1.9,7.5,20228504
FL0369,عطاء المتولي,marketing,"SEO, Influencer Marketing, Facebook Ads, Analytics",mid,5,51.54,Belgique,"Anglais, Espagnol",111,0.711,0.884,4.0,0.138,0.68,0,30,0.1,4.1,86954528
FL0370,Corinne Gallet,data,"NLP, Tableau",senior,8,31.26,Maroc,"Français, Arabe",58,0.882,0.862,4.72,0.078,0.785,3,20,2.7,6.1,69062031
FL0371,Mark Foster,marketing,"TikTok Ads, Email Marketing",junior,2,18.77,Canada,Espagnol,18,0.573,0.642,3.05,0.174,0.518,30,30,3.2,2.5,63565950
FL0372,الأستاذة بلسم البغدادي,dev,"REST API, React, Node.js",senior,8,83.65,Tunisie,"Espagnol, Allemand",61,0.863,0.823,4.79,0.077,0.846,3,10,1.8,5.1,25902164
FL0373,مشرف إياد,dev,"PostgreSQL, AWS, Python, GraphQL, Flutter",mid,6,39.94,Belgique,"Allemand, Espagnol",54,0.751,0.653,2.9,0.171,0.665,1,40,14.5,5.1,76538314
FL0374,Joseph Dijoux,design,"Motion Design, Webflow, 3D Modeling",mid,6,54.5,France,"Espagnol, Anglais",40,0.815,0.583,4.44,0.182,0.609,3,40,13.7,5.0,75419907
FL0375,Tanya Smith MD,writing,"Journalisme, Blog, Ghostwriting",mid,6,35.92,Maroc,Français,23,0.639,0.935,3.96,0.108,0.616,0,20,8.1,4.8,20960813
FL0376,فضل زحلاوي,data,"Machine Learning, Computer Vision, NLP, Spark, TensorFlow",expert,10,135.23,Maroc,Espagnol,200,0.923,0.811,4.62,0.009,0.688,3,20,14.4,9.3,46733125
FL0377,Richard Fleury de Lacroix,design,"UI/UX, Illustrator, Photoshop, Motion Design",junior,4,8.3,Maroc,"Espagnol, Arabe",3,0.56,0.548,4.21,0.238,0.619,7,40,7.8,1.8,18259058
FL0378,رؤوف الخطيب بني جماعة الكناني,design,"Branding, Blender, Figma",expert,10,116.27,Tunisie,Français,84,0.954,0.954,4.95,0.041,0.883,0,40,0.9,6.3,57301745
FL0379,Jason Barton,writing,"Journalisme, Blog, Correction, Rédaction Web",senior,6,85.95,Algérie,Allemand,8,0.636,0.724,4.18,0.152,0.808,0,30,7.3,4.4,71267625
FL0380,Carrie Wilson,data,"Spark, TensorFlow, Machine Learning",mid,4,31.94,Sénégal,"Espagnol, Allemand",32,0.777,0.946,3.94,0.139,0.617,7,20,1.5,5.6,52911636
FL0381,المهندسة بارعة العسلي,dev,"TypeScript, MongoDB",mid,4,25.41,Tunisie,"Allemand, Anglais",7,0.779,0.754,3.56,0.157,0.645,0,20,13.3,3.6,11965804
FL0382,Eugène Rossi-Roux,dev,"Swift, React, Python, Kubernetes",junior,4,15.83,Belgique,Anglais,44,0.644,0.721,3.21,0.16,0.207,3,20,2.7,0.2,90611284
FL0383,Juliette de Leroy,design,"UI/UX, Adobe XD, Blender, 3D Modeling, Photoshop",mid,6,48.19,Belgique,Anglais,6,0.555,0.567,3.93,0.138,0.83,3,30,6.8,1.7,63813755
FL0384,Thomas Miller,data,"Spark, NLP, SQL, Power BI, PyTorch",senior,8,53.0,Algérie,Anglais,200,0.786,0.907,4.68,0.147,0.828,1,40,7.7,5.6,33647594
FL0385,مُنير الدجاني,design,"Illustrator, Blender, Adobe XD",senior,7,100.3,France,Espagnol,93,0.912,0.768,4.08,0.038,0.795,14,20,9.6,7.4,60221891
FL0386,Heather Watkins,data,"Tableau, PyTorch, TensorFlow, Deep Learning",expert,10,112.75,Maroc,Allemand,1,0.846,0.965,4.61,0.035,0.834,14,10,6.9,10.0,82457041
FL0387,Gérard Gosselin de la Dufour,marketing,"TikTok Ads, Facebook Ads, Influencer Marketing, Email Marketing, Copywriting",senior,6,79.1,Tunisie,Français,41,0.954,0.84,4.19,0.104,0.726,7,30,34.9,7.6,62452891
FL0388,Julie Johnson,marketing,"Analytics, Influencer Marketing, TikTok Ads, SEO",expert,8,91.34,France,"Français, Allemand",35,1.0,0.785,4.58,0.058,0.803,30,20,18.4,8.6,48547444
FL0389,الآنسة ربى عاملة,data,"Spark, NLP",junior,4,8.49,Belgique,"Arabe, Espagnol",13,0.613,0.639,3.52,0.175,0.566,3,10,9.3,1.5,44207026
FL0390,Maurice Simon,dev,"Go, Flutter, TypeScript",senior,6,35.36,France,Allemand,63,0.834,0.876,4.65,0.145,0.625,1,20,2.5,4.9,17730796
FL0391,Jules de la Cordier,marketing,"SEO, TikTok Ads, Influencer Marketing, Analytics",junior,3,16.84,Algérie,Arabe,11,0.723,0.573,3.35,0.219,0.371,0,20,9.9,2.6,43999533
FL0392,أناهيد بنو مهدي,data,"TensorFlow, Tableau",junior,3,14.81,Tunisie,"Français, Allemand",40,0.699,0.609,3.17,0.188,0.574,1,10,6.2,0.6,86167113
FL0393,Donald Clayton,writing,"Blog, Rédaction Web",junior,3,13.85,Maroc,"Arabe, Français",1,0.67,0.557,4.12,0.193,0.624,0,30,3.7,3.3,53834409
FL0394,ترف بنو مالك,marketing,"Content Strategy, Influencer Marketing",senior,8,44.58,Maroc,Anglais,139,0.866,0.964,4.12,0.06,0.782,3,30,21.9,5.6,27814039
FL0395,Jennifer Morgan,design,"Blender, Photoshop, UI/UX",mid,5,34.81,Tunisie,Anglais,17,0.728,0.814,3.47,0.127,0.759,0,40,0.1,4.2,96481109
FL0396,Steven Stephens,marketing,"TikTok Ads, Influencer Marketing, Analytics, Copywriting",senior,6,76.45,Canada,Arabe,22,0.855,0.967,4.72,0.012,0.68,0,30,2.4,6.9,26710306
FL0397,المهندسة ريما المغربي,data,"SQL, Tableau",expert,10,152.55,Tunisie,Arabe,161,0.894,0.889,4.43,0.041,0.936,1,30,2.5,9.2,37761408
FL0398,وائل الكثيري,marketing,"Google Ads, Copywriting, Influencer Marketing, TikTok Ads",mid,5,38.72,Tunisie,Anglais,25,0.808,0.643,3.82,0.13,0.494,0,10,17.0,4.8,47599820
FL0399,Austin Stephenson,writing,"Rédaction Web, Correction, Traduction, Technical Writing, Ghostwriting",junior,2,13.3,Belgique,"Anglais, Allemand",21,0.514,0.556,3.55,0.187,0.433,14,10,6.8,0.8,16967644
FL0400,Kristin Burke,design,"Figma, Motion Design",mid,4,34.12,Belgique,Anglais,8,0.829,0.619,3.83,0.174,0.739,14,30,12.2,2.8,61691402
FL0401,Alfred Blondel,marketing,"Facebook Ads, TikTok Ads, Google Ads, Content Strategy, Email Marketing",mid,4,31.0,France,Anglais,20,0.785,0.838,3.5,0.149,0.611,3,30,3.1,5.1,49693770
FL0402,المهندسة مريم الأيوبي,dev,"AWS, PostgreSQL, GraphQL",junior,3,9.8,Tunisie,Anglais,15,0.726,0.507,3.46,0.224,0.56,7,20,6.3,3.8,11474615
FL0403,Benjamin Pierre,data,"Machine Learning, Deep Learning, Tableau, TensorFlow",mid,4,30.44,Tunisie,"Allemand, Français",14,0.913,0.653,3.87,0.131,0.754,7,10,18.6,4.2,95683927
FL0404,السيد حنبل شتية,data,"SQL, PyTorch, Data Analysis",mid,6,33.19,Belgique,Anglais,43,0.791,0.63,4.01,0.146,0.758,0,30,13.1,2.9,13910195
FL0405,Louis Perret,dev,"MongoDB, Vue.js, Django, Python, PostgreSQL",junior,3,11.83,Tunisie,Anglais,14,0.708,0.821,2.71,0.19,0.547,1,30,4.9,1.0,92579214
FL0406,لوليا البشيتي,writing,"Blog, Journalisme",mid,4,39.46,France,"Allemand, Arabe",17,0.98,0.685,4.66,0.142,0.543,0,10,2.1,3.7,85446435
FL0407,Antoine de Bernier,dev,"Docker, MongoDB, Go, FastAPI",mid,4,23.56,Tunisie,"Espagnol, Français",29,0.921,0.742,4.13,0.135,0.699,0,20,4.7,3.3,44082712
FL0408,Thomas Sauvage,marketing,"Facebook Ads, SEO, Influencer Marketing, Analytics",expert,9,132.56,Tunisie,Français,11,0.935,1.0,4.68,0.085,0.786,1,20,4.2,7.7,82459396
FL0409,مكّي بني رشيد,dev,"Django, Kotlin, Node.js, Python, Vue.js",junior,3,16.85,Algérie,Allemand,59,0.747,0.525,3.13,0.174,0.551,30,10,8.4,0.0,14327806
FL0410,Nathalie Menard,writing,"Rédaction Web, Journalisme",expert,8,112.93,Tunisie,"Espagnol, Allemand",37,0.914,0.807,4.79,0.125,0.798,0,40,0.5,8.1,75545257
FL0411,Denise Thompson,dev,"JavaScript, React, Kubernetes",junior,2,21.0,Tunisie,Arabe,6,0.627,0.668,2.69,0.179,0.556,0,30,3.8,2.0,24018992
FL0412,Julie Smith,marketing,"Influencer Marketing, SEO, Google Ads, Email Marketing, Content Strategy",mid,4,32.06,Tunisie,Anglais,78,0.768,0.729,3.59,0.116,0.752,30,20,1.8,3.7,20644468
FL0413,روفيدا الحسيني,writing,"Ghostwriting, Rédaction Web, Correction",mid,5,11.87,France,"Français, Allemand",88,0.762,0.704,3.8,0.205,0.77,0,20,17.6,4.8,49517513
FL0414,Matthew Price,data,"PyTorch, Power BI, SQL",senior,6,42.1,Tunisie,"Anglais, Français",4,0.806,0.884,4.86,0.11,0.861,3,40,5.3,6.8,70996598
FL0415,جوليا همدان,marketing,"Copywriting, Content Strategy, Influencer Marketing, SEO",junior,4,13.81,France,"Anglais, Allemand",12,0.726,0.607,3.71,0.203,0.542,0,40,0.3,1.5,18495062
FL0416,Gabrielle Cordier,dev,"Vue.js, Kubernetes, TypeScript",senior,8,69.1,Tunisie,"Espagnol, Français",27,0.767,0.659,4.55,0.074,0.889,14,10,7.6,4.3,84245050
FL0417,Bernadette Rodriguez,design,"Photoshop, 3D Modeling, Figma",mid,6,49.72,Sénégal,Espagnol,0,0.0,0.0,0.0,0.0,0.0,3,30,1.5,3.7,38812870
FL0418,Thibaut Blanchet,data,"SQL, TensorFlow",junior,4,13.38,Tunisie,"Allemand, Anglais",7,0.486,0.688,3.47,0.219,0.512,7,20,7.9,2.2,37754312
FL0419,Gilbert Maillot,dev,"JavaScript, Python, Django, Kotlin, Docker",expert,8,93.25,France,Arabe,82,0.99,0.907,3.61,0.057,0.87,14,40,2.9,8.6,49439926
FL0420,طاهر النجار,design,"Illustrator, Photoshop, Webflow",junior,4,17.77,Canada,"Espagnol, Anglais",3,0.695,0.555,3.89,0.219,0.415,0,30,0.3,2.9,71620156
FL0421,Jaclyn Washington,design,"Webflow, Illustrator, Branding, UI/UX",mid,4,36.81,Maroc,"Anglais, Allemand",36,0.783,0.743,4.61,0.176,0.557,3,30,1.0,4.9,69390314
FL0422,Bernard Langlois,design,"Branding, Illustrator, 3D Modeling, Webflow, Figma",junior,3,8.0,Canada,"Français, Anglais",2,0.617,0.677,3.04,0.192,0.537,0,20,16.1,1.4,91892390
FL0423,William Benjamin,design,"Webflow, Motion Design",senior,7,32.11,France,Français,49,0.877,0.781,5.0,0.043,1.0,1,30,1.6,6.1,10627199
FL0424,بثينة مرازيق البقوم,dev,"JavaScript, Swift, Node.js, Docker",mid,6,21.02,Maroc,Arabe,15,0.814,0.816,4.02,0.198,0.7,7,30,1.7,3.8,82241881
FL0425,الدكتور فارس الدقاق,data,"Machine Learning, Tableau, NLP, Data Analysis, PyTorch",expert,9,132.1,Algérie,Arabe,51,0.972,0.839,4.31,0.018,0.779,1,20,0.7,8.9,38458259
FL0426,Michèle Leleu,data,"TensorFlow, Power BI, Machine Learning, Computer Vision",senior,6,48.57,France,"Arabe, Français",61,0.91,0.881,4.55,0.07,0.818,7,10,10.5,6.9,56308594
FL0427,Alan Martin,design,"Adobe XD, Figma, UI/UX, Motion Design",junior,4,10.02,Belgique,Français,11,0.675,0.712,2.92,0.218,0.541,3,10,0.8,2.5,46069532
FL0428,Alice Delorme,data,"Computer Vision, Spark, Tableau, Deep Learning",junior,3,16.76,Maroc,Arabe,1,0.537,0.492,3.17,0.175,0.489,14,30,12.2,0.5,51406528
FL0429,Cheryl Davis,writing,"UX Writing, Correction, Technical Writing, Ghostwriting, Blog",mid,4,24.92,France,"Espagnol, Arabe",186,0.945,0.646,4.05,0.132,0.642,14,40,3.3,2.3,12550318
FL0430,Guy Martineau,dev,"Kubernetes, TypeScript, GraphQL, Go",senior,6,57.97,Canada,"Arabe, Français",71,0.75,0.847,4.1,0.151,0.862,1,20,2.4,5.7,59047641
FL0431,عزّ الدّين عضل,marketing,"Copywriting, TikTok Ads, Email Marketing",mid,5,37.64,Maroc,Allemand,56,0.873,0.692,3.53,0.121,0.416,3,20,1.6,4.9,14755456
FL0432,Elizabeth Phillips,dev,"Go, FastAPI, REST API, JavaScript, MongoDB",junior,2,8.0,Maroc,Espagnol,1,0.606,0.698,3.29,0.166,0.631,3,40,7.7,1.6,74329682
FL0433,René Joly,writing,"Technical Writing, Blog",mid,4,38.29,Algérie,Allemand,4,0.779,0.796,4.85,0.152,0.557,0,20,9.8,2.3,64952637
FL0434,Alex Gordon,design,"Photoshop, Motion Design, 3D Modeling",junior,3,12.19,Maroc,Français,5,0.744,0.732,2.72,0.249,0.582,1,20,0.6,1.9,21337759
FL0435,Nancy Baker,dev,"Go, Swift, React, Django",expert,10,76.54,Tunisie,"Espagnol, Allemand",45,0.881,0.96,4.65,0.045,0.855,0,20,0.5,7.6,56209170
FL0436,Larry Harris,design,"Motion Design, Figma, 3D Modeling",mid,6,35.75,Maroc,Français,11,0.917,0.817,3.74,0.221,0.895,30,20,3.9,4.6,62386172
FL0437,ريتاج المظفر,dev,"Kubernetes, FastAPI, Vue.js, AWS",mid,5,42.41,Canada,"Espagnol, Arabe",12,0.773,0.891,3.52,0.096,0.742,1,20,5.7,4.3,27191143
FL0438,السيد تمّام عدوان,marketing,"Facebook Ads, Content Strategy, Email Marketing",mid,4,35.2,Algérie,Anglais,120,0.588,0.689,4.5,0.19,0.661,1,30,13.3,3.9,53685077
FL0439,تاليا حرب,dev,"Node.js, Flutter",senior,6,61.85,Tunisie,Anglais,19,0.866,0.845,4.25,0.107,0.947,0,20,12.0,5.6,13838678
FL0440,Bobby Padilla,marketing,"Influencer Marketing, Email Marketing, TikTok Ads",mid,4,49.36,Tunisie,"Arabe, Français",2,0.643,0.652,3.65,0.151,0.646,3,20,1.9,3.1,18666540
FL0441,Rémy Nicolas,data,"Spark, Machine Learning, TensorFlow, NLP",junior,3,16.67,France,"Allemand, Anglais",2,0.575,0.667,3.15,0.142,0.729,3,30,7.5,1.6,91615684
FL0442,زهدي المظفر,marketing,"Analytics, Email Marketing, Copywriting, Facebook Ads, Google Ads",senior,6,63.5,Maroc,Allemand,84,0.84,0.898,4.45,0.089,0.864,0,40,4.4,6.3,21124569
FL0443,Laurent-Patrick Boutin,data,"SQL, Power BI",mid,5,44.59,Algérie,Anglais,9,0.864,0.831,4.0,0.136,0.763,0,20,11.2,5.2,68674769
FL0444,Ana Anderson,design,"Illustrator, Motion Design, Adobe XD",mid,5,40.25,Maroc,"Anglais, Arabe",48,0.717,0.69,4.52,0.189,0.704,0,20,8.9,3.1,12451051
FL0445,Gilbert Potier,design,"Figma, Illustrator, Photoshop, UI/UX, 3D Modeling",expert,10,104.45,Canada,"Allemand, Anglais",60,0.945,0.793,4.57,0.054,0.923,3,40,0.4,8.2,33153453
FL0446,السيدة جميلة بنو كلب,writing,"Rédaction Web, Ghostwriting, Journalisme",senior,8,80.36,France,"Allemand, Anglais",105,0.767,0.812,5.0,0.105,0.783,3,30,7.8,7.1,50336607
FL0447,Monique Bouvier-Marie,marketing,"Facebook Ads, Content Strategy",junior,2,19.45,Tunisie,Français,3,0.627,0.555,3.46,0.147,0.714,0,10,4.1,1.0,30912825
FL0448,Michelle Blondel,design,"Motion Design, Figma, Branding, Illustrator",expert,10,73.4,Canada,Espagnol,8,0.99,0.988,4.55,0.068,0.865,3,10,0.7,8.1,60961411
FL0449,Bertrand Humbert,writing,"Correction, Traduction, Technical Writing",senior,6,53.42,Belgique,"Allemand, Anglais",69,0.716,0.728,4.44,0.147,0.843,14,20,1.2,6.3,27090810
FL0450,الأستاذ قانت عليان,marketing,"Copywriting, SEO",senior,6,56.15,Canada,Espagnol,5,0.953,0.736,4.95,0.108,0.675,14,30,4.7,7.9,43181491
FL0451,Benoît Roger-Roche,dev,"REST API, Python, Docker, MongoDB, React",mid,5,22.07,Belgique,Allemand,137,0.73,0.889,4.26,0.165,0.607,0,40,25.8,5.6,97810794
FL0452,Joel Smith,writing,"Traduction, Technical Writing",expert,10,111.44,Canada,"Français, Espagnol",200,0.927,0.955,4.52,0.038,0.879,3,10,10.9,9.4,29508503
FL0453,الأستاذ سنان هذيل,data,"Spark, Tableau, TensorFlow",expert,10,44.21,France,"Allemand, Espagnol",62,0.977,0.836,4.09,0.058,0.681,7,20,7.8,9.3,43217304
FL0454,Timothy Olsen,design,"UI/UX, Adobe XD, 3D Modeling, Blender",junior,4,17.68,France,Anglais,31,0.657,0.785,3.65,0.196,0.623,1,40,11.9,1.6,89723391
FL0455,الدكتورة روعة خزاعة,data,"SQL, Computer Vision, NLP, TensorFlow, PyTorch",junior,4,8.0,Algérie,Anglais,4,0.634,0.56,3.66,0.259,0.645,0,20,0.9,4.2,91327898
FL0456,Christopher Scott,design,"Illustrator, Blender",senior,6,80.04,Maroc,Espagnol,34,0.843,0.89,4.52,0.079,0.659,7,20,10.9,5.6,92542992
FL0457,Kimberly Navarro,writing,"Technical Writing, Ghostwriting, UX Writing, Rédaction Web",junior,2,18.15,France,Arabe,2,0.748,0.529,2.91,0.207,0.581,30,30,1.2,3.1,60324384
FL0458,Henri de la Dubois,dev,"Python, React",senior,8,35.11,France,Allemand,25,0.902,0.931,4.53,0.11,0.939,1,20,12.7,7.3,93361588
FL0459,دعاء مشعشع,writing,"Technical Writing, UX Writing, Traduction",senior,6,87.16,Algérie,"Anglais, Arabe",72,0.897,1.0,5.0,0.058,0.611,1,40,1.1,6.8,20356927
FL0460,المهندس عربي الكلغاصي,data,"Power BI, Data Analysis",senior,6,79.26,France,"Anglais, Arabe",44,0.767,0.827,4.85,0.116,0.972,1,10,3.8,5.7,89915427
FL0461,Amanda Freeman DVM,dev,"Swift, React, MongoDB, TypeScript, Go",mid,4,27.57,France,"Espagnol, Anglais",3,0.832,0.85,3.68,0.112,0.753,30,20,27.8,2.2,11897883
FL0462,Joseph Lin,dev,"Kubernetes, GraphQL",expert,9,64.32,Tunisie,"Espagnol, Allemand",104,0.979,0.926,4.11,0.03,0.945,1,40,3.1,8.9,32392235
FL0463,Véronique-Jeannine Dupré,marketing,"SEO, Copywriting, Influencer Marketing, Google Ads, Analytics",mid,4,37.88,Belgique,"Anglais, Allemand",28,0.842,0.879,3.45,0.19,0.793,0,20,1.3,2.9,22274263
FL0464,Noémi Clerc,design,"Figma, Adobe XD, UI/UX",senior,6,75.68,Tunisie,Allemand,106,0.805,0.997,4.08,0.129,0.738,14,40,0.4,5.2,79134308
FL0465,السيدة بشرى بنو الأحمر,marketing,"SEO, Email Marketing, Content Strategy",senior,8,71.45,Canada,Anglais,38,0.852,0.973,4.08,0.065,0.779,0,40,3.3,5.2,23796293
FL0466,Carla Wheeler,data,"Deep Learning, SQL",senior,6,60.42,Canada,Anglais,48,0.848,0.797,4.39,0.103,0.787,3,30,19.4,6.4,13196721
FL0467,Patricia Rodriguez,design,"3D Modeling, Photoshop, Branding, UI/UX, Adobe XD",junior,3,12.48,Maroc,Allemand,17,0.591,0.636,3.32,0.169,0.48,1,10,0.0,0.5,26843559
FL0468,Nicole Benson,writing,"Journalisme, Traduction",mid,4,18.82,Maroc,Allemand,41,0.83,0.746,4.29,0.088,0.66,0,20,10.7,4.8,42944353
FL0469,William Moses,data,"Tableau, NLP",mid,6,37.2,Algérie,Espagnol,17,0.798,0.689,4.38,0.168,0.876,1,20,8.5,2.6,51623061
FL0470,السيدة ناهد الطحان,dev,"Kubernetes, GraphQL, TypeScript, Rust",mid,4,36.96,Algérie,"Allemand, Espagnol",48,0.618,0.753,3.59,0.143,0.73,3,40,4.3,3.0,46386326
FL0471,دارين بنو صخر,marketing,"Google Ads, Copywriting, Analytics",senior,7,86.85,France,"Anglais, Arabe",34,0.906,0.828,5.0,0.059,0.669,0,30,0.1,7.7,50759836
FL0472,Paul Jones PhD,writing,"Blog, Technical Writing, UX Writing",mid,4,38.36,Tunisie,Français,38,0.84,0.584,4.26,0.19,0.642,1,20,0.1,3.4,65498004
FL0473,السيد عبد الغفّار كندة,design,"3D Modeling, Figma, Photoshop, Adobe XD",mid,4,51.6,France,Français,44,0.832,0.841,3.78,0.166,0.74,1,20,4.2,6.0,25783385
FL0474,Isabelle Louis Le Goncalves,writing,"Technical Writing, UX Writing, Ghostwriting, Blog",mid,6,41.9,Canada,Français,118,0.722,0.793,4.04,0.112,0.838,1,10,0.2,3.4,47308253
FL0475,Christopher Mosley,data,"Data Analysis, SQL, Deep Learning, Tableau, Power BI",expert,9,154.05,Tunisie,Espagnol,25,0.968,0.855,4.39,0.057,0.968,14,40,1.4,8.8,43380898
FL0476,المهندس ضاحك عضل,dev,"MongoDB, React",senior,8,45.25,Belgique,Espagnol,10,0.739,0.894,4.01,0.094,0.855,0,20,3.6,5.0,51112801
FL0477,Lauren Davis,marketing,"Email Marketing, SEO, Copywriting",expert,8,76.88,Tunisie,"Anglais, Français",13,0.809,0.871,5.0,0.113,0.928,3,30,1.0,7.7,38990288
FL0478,سخاء جرهم,writing,"Technical Writing, Journalisme, Correction",junior,3,10.76,Canada,"Espagnol, Français",87,0.71,0.781,3.47,0.19,0.499,0,20,2.0,1.5,83992923
FL0479,مريم أكلب,design,"Illustrator, Figma, Photoshop, Webflow",senior,7,71.1,France,Français,3,0.812,0.835,4.55,0.133,0.781,7,10,1.5,5.5,75233087
FL0480,Guillaume de Berger,dev,"Node.js, PostgreSQL, Flutter, AWS",mid,4,25.4,Tunisie,Anglais,15,0.783,0.775,4.07,0.169,0.765,7,30,6.6,4.2,55958064
FL0481,الأستاذ مصطفى بنو شيبان,data,"Tableau, Power BI, TensorFlow, PyTorch, Deep Learning",senior,8,105.59,Tunisie,Anglais,11,0.833,0.604,3.9,0.091,0.785,1,30,13.7,6.1,18632922
FL0482,Christine Cain,marketing,"Facebook Ads, TikTok Ads, Analytics, SEO",senior,8,37.65,Tunisie,"Français, Espagnol",83,0.877,0.753,3.82,0.06,0.714,1,20,8.2,5.4,80696592
FL0483,جودي بكر بن عبد مناة,writing,"UX Writing, Ghostwriting, Journalisme, Technical Writing, Rédaction Web",junior,3,17.11,Tunisie,"Allemand, Français",31,0.643,0.651,2.78,0.201,0.436,3,40,1.3,2.2,53048487
FL0484,Guy Bonnet,data,"Tableau, Machine Learning",mid,4,37.38,Maroc,Espagnol,24,0.869,0.713,3.43,0.155,0.671,14,10,4.4,3.5,81853797
FL0485,Bernard Renard du Lombard,design,"Webflow, Branding, Figma",junior,3,8.66,Belgique,Arabe,17,0.749,0.696,3.13,0.226,0.75,3,30,1.4,0.9,46839647
FL0486,السيدة بلند السادة,design,"3D Modeling, Photoshop, UI/UX, Figma",mid,6,26.22,Maroc,"Espagnol, Anglais",27,0.759,0.875,4.65,0.166,0.74,14,30,20.6,4.0,96823941
FL0487,غوى البامية,writing,"Ghostwriting, Rédaction Web, UX Writing",junior,3,20.38,Maroc,"Allemand, Anglais",2,0.705,0.414,3.35,0.21,0.473,0,20,5.8,2.1,27052105
FL0488,Susan Boulanger,dev,"Rust, FastAPI",senior,6,55.67,Algérie,"Arabe, Anglais",3,0.921,0.788,3.8,0.123,0.922,0,30,15.6,5.4,34173635
FL0489,غامد الخزرج,marketing,"Content Strategy, SEO",junior,3,19.47,Tunisie,"Espagnol, Anglais",8,0.733,0.529,3.75,0.205,0.818,3,30,10.0,1.3,54720877
FL0490,Victor Muller,dev,"Python, PostgreSQL, Swift, AWS",senior,8,57.18,Canada,Allemand,17,0.757,0.715,4.74,0.043,0.757,1,20,8.4,7.4,70171206
FL0491,Ashley White,writing,"Journalisme, Ghostwriting, Traduction, Correction, Blog",mid,5,26.42,Tunisie,Anglais,105,0.737,0.739,3.26,0.168,0.767,0,10,21.9,3.3,87007406
FL0492,المهندس تحسين مشعشع,dev,"PostgreSQL, Python, Go, Flutter, TypeScript",junior,3,17.43,Canada,Espagnol,6,0.766,0.628,3.38,0.211,0.497,0,40,0.3,1.1,47961853
FL0493,أزهار بحمدوني,marketing,"Facebook Ads, Copywriting, Influencer Marketing, Google Ads",junior,4,8.0,Tunisie,Français,11,0.706,0.857,3.45,0.14,0.514,0,30,0.7,2.1,87689138
FL0494,Michael Cowan DDS,writing,"Traduction, Ghostwriting, Rédaction Web",senior,8,43.18,Algérie,"Anglais, Allemand",99,0.989,0.807,3.77,0.037,0.744,30,30,4.6,4.8,94159552
FL0495,Denise Clerc,design,"UI/UX, Illustrator, Webflow",senior,6,65.74,Canada,"Arabe, Français",13,0.99,0.85,4.76,0.102,0.793,3,30,10.8,5.4,71122676
FL0496,Vincent Masson,marketing,"Facebook Ads, Email Marketing, Google Ads, Influencer Marketing",mid,4,30.38,France,Arabe,109,0.826,0.688,4.32,0.154,0.605,3,40,33.1,1.8,68145889
FL0497,Grégoire Ramos,dev,"TypeScript, GraphQL, Kubernetes, Python",senior,8,67.22,Belgique,Français,26,0.905,0.825,4.5,0.105,0.628,1,30,0.7,5.7,12384028
FL0498,الآنسة تالا السادة الراويون,dev,"PostgreSQL, REST API, TypeScript, MongoDB",mid,5,25.71,Algérie,Anglais,12,0.805,0.531,3.93,0.149,0.698,14,40,10.8,2.7,49263678
FL0499,Evan Ferguson,writing,"Correction, Ghostwriting, Rédaction Web",senior,7,57.9,Canada,"Anglais, Français",74,0.913,0.636,4.11,0.152,0.821,0,30,1.6,6.5,93519442
