comment,rating,sentiment,language
Très délais dépassés de plusieurs semaines sans justification,2,NEGATIVE,FR
"Excellent rapport qualité-prix, travail impeccable",5,POSITIVE,FR
The project was handled very efficiently,4,POSITIVE,EN
Very professional and responsive throughout the project,4,POSITIVE,EN
Very competent and easy to communicate with,5,POSITIVE,EN
Absolutely missed every deadline and ignored my messages,2,NEGATIVE,EN
Très professionnel et attentif aux détails du brief,4,POSITIVE,FR
"Absolument freelancer très compétent, je recommande vivement",5,POSITIVE,FR
Truly very rude and unresponsive when issues arose,2,NEGATIVE,EN
"Complete waste of time and money, avoid this person",2,NEGATIVE,EN
Really very bad quality and missed all deadlines,2,NEGATIVE,EN
Truly the freelancer disappeared halfway through the project,1,NEGATIVE,EN
"Pas du tout professionnel, communication catastrophique",1,NEGATIVE,FR
The design was ugly and completely off-brand,2,NEGATIVE,EN
"Rapide et efficace, le projet a été un succès total",4,POSITIVE,FR
"Vraiment résultat médiocre et délais non respectés, insatisfait",2,NEGATIVE,FR
Completely charged full price for incomplete and broken work,1,NEGATIVE,EN
Absolutely the code delivered was full of bugs and errors,1,NEGATIVE,EN
The output was full of mistakes and poorly done,2,NEGATIVE,EN
Truly very dedicated and produced outstanding results,4,POSITIVE,EN
Very slow response time and mediocre quality,2,NEGATIVE,EN
Compétences techniques excellentes et bon suivi,4,POSITIVE,FR
"Vraiment résultat parfait, le freelancer a compris mes besoins",4,POSITIVE,FR
"Absolutely terrible, one star is too generous",1,NEGATIVE,EN
"Très bon freelancer, réactif et de qualité",5,POSITIVE,FR
"Truly excellent work, delivered on time and above expectations",4,POSITIVE,EN
"Completely absolutely terrible, one star is too generous",1,NEGATIVE,EN
Projet réalisé avec soin et dans les délais impartis,5,POSITIVE,FR
"Freelancer très compétent, je recommande vivement",5,POSITIVE,FR
"Travail bâclé et peu professionnel, à éviter absolument",2,NEGATIVE,FR
Truly poor work ethics and unacceptable final result,1,NEGATIVE,EN
"Excellent travail, livré dans les délais et très professionnel",4,POSITIVE,FR
Delay after delay and the final result was bad,2,NEGATIVE,EN
Lack of skills made the project a total failure,2,NEGATIVE,EN
Quick turnaround and excellent communication skills,5,POSITIVE,EN
Failed to deliver and refused to offer a refund,1,NEGATIVE,EN
Really very unprofessional behavior and poor quality output,1,NEGATIVE,EN
"Travail incomplet et de mauvaise qualité, déçu",2,NEGATIVE,FR
Mauvaise communication et projet non terminé dans les délais,1,NEGATIVE,FR
Truly perfect work quality and very fair pricing,4,POSITIVE,EN
Parfaitement très bonne communication et résultat impeccable,5,POSITIVE,FR
Totalement le code livré était rempli de bugs inutilisables en prod,1,NEGATIVE,FR
"Genuinely best freelancer i have worked with, truly outstanding",4,POSITIVE,EN
The freelancer disappeared halfway through the project,1,NEGATIVE,EN
Unprofessional and low quality from start to finish,1,NEGATIVE,EN
Complètement le travail rendu était complètement différent du brief,1,NEGATIVE,FR
The best freelance experience I have had,4,POSITIVE,EN
The final deliverable was far below expectations,2,NEGATIVE,EN
"Top quality work, very satisfied with the results",5,POSITIVE,EN
"Absolutely perfect job, very satisfied customer",4,POSITIVE,EN
"Total scam, the work submitted was plagiarized",1,NEGATIVE,EN
Delivered late and the quality was unacceptable,2,NEGATIVE,EN
"Money wasted, the project was never completed",2,NEGATIVE,EN
"Terrible work quality, very disappointed with the result",2,NEGATIVE,EN
Completely the project failed completely due to poor execution,2,NEGATIVE,EN
"Absolutely smooth collaboration, high quality deliverables",4,POSITIVE,EN
"Really incredible attention to detail, perfect output",4,POSITIVE,EN
"Très le freelancer a disparu après le paiement, arnaque totale",1,NEGATIVE,FR
"Wonderful experience, will hire again without hesitation",4,POSITIVE,EN
Le travail rendu était complètement différent du brief,1,NEGATIVE,FR
Bonne écoute et livraison conforme aux attentes,5,POSITIVE,FR
"Creative solutions and timely delivery, impressive",5,POSITIVE,EN
"Absolutely responsive, talented, and very reliable freelancer",5,POSITIVE,EN
Le code livré était rempli de bugs inutilisables en prod,1,NEGATIVE,FR
Absolument projet réalisé avec soin et dans les délais impartis,5,POSITIVE,FR
Genuinely perfect execution of the project requirements,5,POSITIVE,EN
Ignored feedback and submitted wrong work again,2,NEGATIVE,EN
"Très sérieux dans son travail, résultat au top",5,POSITIVE,FR
"Very difficult to work with, constant issues",2,NEGATIVE,EN
Truly delivered late and the quality was unacceptable,2,NEGATIVE,EN
Absolutely very professional and responsive throughout the project,4,POSITIVE,EN
"Amazing freelancer, exceeded all my expectations",4,POSITIVE,EN
Very thorough and professional at every step,4,POSITIVE,EN
Very unresponsive and the work was substandard,1,NEGATIVE,EN
Missed every deadline and ignored my messages,2,NEGATIVE,EN
"Highly professional, I will definitely work again",5,POSITIVE,EN
"Freelancer sérieux et compétent, je recommande",5,POSITIVE,FR
Constantly making excuses instead of delivering,2,NEGATIVE,EN
"Truly great job on a complex project, very impressed",4,POSITIVE,EN
"Très satisfait, le travail correspond exactement à mes attentes",4,POSITIVE,FR
Satisfied with every aspect of the work delivered,5,POSITIVE,EN
"Horrible experience, would never hire again",1,NEGATIVE,EN
"Truly terrible work quality, very disappointed with the result",2,NEGATIVE,EN
Parfaitement très professionnel et de bon conseil tout au long,5,POSITIVE,FR
Vraiment très professionnel et attentif aux détails du brief,4,POSITIVE,FR
"Super fast delivery, exactly what I needed",4,POSITIVE,EN
The deliverable was exactly what I asked for,4,POSITIVE,EN
Truly the final deliverable was far below expectations,2,NEGATIVE,EN
"Project dragged on with no results, terrible experience",2,NEGATIVE,EN
Truly the freelancer was dishonest about their skills,2,NEGATIVE,EN
Freelancer peu compétent et très lent dans ses livraisons,2,NEGATIVE,FR
"Absolutely super fast delivery, exactly what i needed",4,POSITIVE,EN
The submitted work was incomplete and buggy,2,NEGATIVE,EN
Great results and excellent responsiveness,5,POSITIVE,EN
"Very poor technical skills, avoid this freelancer",2,NEGATIVE,EN
Great communication and fantastic results,4,POSITIVE,EN
"Parfaitement rapide et efficace, le projet a été un succès total",4,POSITIVE,FR
"Reliable and talented, the project was a success",5,POSITIVE,EN
"Completely overcharged and underdelivered, very bad experience",1,NEGATIVE,EN
"Vraiment travail de grande qualité, très satisfait du résultat",4,POSITIVE,FR
Freelancer malhonnête sur ses compétences réelles,1,NEGATIVE,FR
Did not follow instructions and delivered wrong files,2,NEGATIVE,EN
Poor work ethics and unacceptable final result,1,NEGATIVE,EN
"Très excellent travail, livré dans les délais et très professionnel",4,POSITIVE,FR
The code delivered was full of bugs and errors,1,NEGATIVE,EN
The freelancer was dishonest and unprofessional,1,NEGATIVE,EN
Truly the work was flawless and delivered promptly,5,POSITIVE,EN
Très peu réactif et résultat en dessous du niveau attendu,2,NEGATIVE,FR
Really impressive work ethic and quality of deliverables,4,POSITIVE,EN
"Exceeded my expectations, very talented professional",5,POSITIVE,EN
Truly ignored feedback and submitted wrong work again,2,NEGATIVE,EN
"Completely very poor communication, project was a disaster",1,NEGATIVE,EN
"Very good freelancer, will recommend to others",5,POSITIVE,EN
"Professionnel, rapide et de qualité, je suis ravi",4,POSITIVE,FR
"Compétent et réactif, projet terminé avant la deadline",4,POSITIVE,FR
Completely work was nothing like what was agreed upon,2,NEGATIVE,EN
"Très bonne expérience, qualité du travail irréprochable",5,POSITIVE,FR
Prompt replies and high quality work throughout,4,POSITIVE,EN
Genuinely great communication and fantastic results,4,POSITIVE,EN
"Incredible attention to detail, perfect output",4,POSITIVE,EN
"Responsive, talented, and very reliable freelancer",5,POSITIVE,EN
"No professionalism at all, very frustrating experience",1,NEGATIVE,EN
"Truly loved working with this person, extremely competent",5,POSITIVE,EN
Le freelancer n'a pas respecté les spécifications données,1,NEGATIVE,FR
Very rude and unresponsive when issues arose,2,NEGATIVE,EN
"Absolument compétent et réactif, projet terminé avant la deadline",4,POSITIVE,FR
"Résultat parfait, le freelancer a compris mes besoins",4,POSITIVE,FR
Brilliant work completed ahead of schedule,5,POSITIVE,EN
Solid work ethic and impressive technical knowledge,4,POSITIVE,EN
"Very happy with the outcome, fantastic freelancer",5,POSITIVE,EN
Impressive work ethic and quality of deliverables,4,POSITIVE,EN
"Genuinely delivered exactly what was promised, excellent quality",4,POSITIVE,EN
"Très content du résultat, je referai appel à lui",5,POSITIVE,FR
Très professionnel et de bon conseil tout au long,5,POSITIVE,FR
"Highly recommend, very professional and skilled",5,POSITIVE,EN
"Aucun professionnalisme, projet échoué dès le début",1,NEGATIVE,FR
"Truly highly professional, i will definitely work again",5,POSITIVE,EN
The worst collaboration I have ever experienced,1,NEGATIVE,EN
"Excellent work, delivered on time and above expectations",4,POSITIVE,EN
Highly skilled and very easy to work with,4,POSITIVE,EN
Missed the deadline by two weeks with no excuse,1,NEGATIVE,EN
"Livraison rapide et qualité irréprochable, bravo",5,POSITIVE,FR
Perfect work quality and very fair pricing,4,POSITIVE,EN
"Best freelancer I have worked with, truly outstanding",4,POSITIVE,EN
Charged full price for incomplete and broken work,1,NEGATIVE,EN
"Très déçu du résultat, qualité bien en dessous des attentes",2,NEGATIVE,FR
Truly superb technical skills and creative approach,5,POSITIVE,EN
"Absolutely top quality work, very satisfied with the results",5,POSITIVE,EN
"Really complete waste of time and money, avoid this person",2,NEGATIVE,EN
The freelancer did not understand the requirements,1,NEGATIVE,EN
The deliverable was completely wrong and unusable,1,NEGATIVE,EN
"Truly very happy with the outcome, fantastic freelancer",5,POSITIVE,EN
Very unprofessional behavior and poor quality output,1,NEGATIVE,EN
"Fantastic collaboration, highly skilled individual",5,POSITIVE,EN
Really highly skilled and very easy to work with,4,POSITIVE,EN
Very dedicated and produced outstanding results,4,POSITIVE,EN
"Loved working with this person, extremely competent",5,POSITIVE,EN
"Absolutely the freelancer understood the brief perfectly, great job",5,POSITIVE,EN
"Great value for money, exceptional quality",5,POSITIVE,EN
Superb technical skills and creative approach,5,POSITIVE,EN
Totalement mauvaise qualité malgré plusieurs demandes de correction,1,NEGATIVE,FR
"Expérience désastreuse, argent perdu pour rien",1,NEGATIVE,FR
"Truly worst freelancer i have ever hired, waste of money",1,NEGATIVE,EN
Vraiment mauvaise communication et projet non terminé dans les délais,1,NEGATIVE,FR
"Genuinely wonderful experience, will hire again without hesitation",4,POSITIVE,EN
The freelancer was dishonest about their skills,2,NEGATIVE,EN
"Très difficile à joindre, résultat final décevant",2,NEGATIVE,FR
"Le freelancer a dépassé mes attentes, excellent",5,POSITIVE,FR
"Très très déçu du résultat, qualité bien en dessous des attentes",2,NEGATIVE,FR
"Not skilled enough for the task, very disappointing",1,NEGATIVE,EN
"Disappointed with the quality, not worth the price",1,NEGATIVE,EN
Work was nothing like what was agreed upon,2,NEGATIVE,EN
"Parfaitement excellent rapport qualité-prix, travail impeccable",5,POSITIVE,FR
Very frustrating experience with poor communication,2,NEGATIVE,EN
"Très pas du tout professionnel, communication catastrophique",1,NEGATIVE,FR
Absolutely extremely slow and produced very poor results,2,NEGATIVE,EN
"Résultat médiocre et délais non respectés, insatisfait",2,NEGATIVE,FR
"Worst freelancer I have ever hired, waste of money",1,NEGATIVE,EN
Mauvaise qualité malgré plusieurs demandes de correction,1,NEGATIVE,FR
"Completely no professionalism at all, very frustrating experience",1,NEGATIVE,EN
"The freelancer understood the brief perfectly, great job",5,POSITIVE,EN
"Really not skilled enough for the task, very disappointing",1,NEGATIVE,EN
Really brilliant work completed ahead of schedule,5,POSITIVE,EN
"Completely total scam, the work submitted was plagiarized",1,NEGATIVE,EN
"Outstanding quality, highly recommend this freelancer",5,POSITIVE,EN
Exceptional skills and great attention to deadlines,4,POSITIVE,EN
"Completely very difficult to work with, constant issues",2,NEGATIVE,EN
"Excellent résultat, communication parfaite durant le projet",5,POSITIVE,FR
"Overcharged and underdelivered, very bad experience",1,NEGATIVE,EN
Absolutely professional attitude and impeccable work quality,4,POSITIVE,EN
Really multiple revisions needed and still not satisfactory,1,NEGATIVE,EN
Wonderful results achieved in record time,4,POSITIVE,EN
Très bonne communication et résultat impeccable,5,POSITIVE,FR
Multiple revisions needed and still not satisfactory,1,NEGATIVE,EN
"Unprofessional and unreliable, very disappointing",2,NEGATIVE,EN
Completely missed the deadline by two weeks with no excuse,1,NEGATIVE,EN
Truly the deliverable was completely wrong and unusable,1,NEGATIVE,EN
Absolutely quick turnaround and excellent communication skills,5,POSITIVE,EN
"Very poor communication, project was a disaster",1,NEGATIVE,EN
The project failed completely due to poor execution,2,NEGATIVE,EN
"Complètement nombreuses révisions nécessaires, résultat toujours mauvais",1,NEGATIVE,FR
"Nombreuses révisions nécessaires, résultat toujours mauvais",1,NEGATIVE,FR
Fuite de responsabilité et livraisons toujours en retard,1,NEGATIVE,FR
"Très très mauvaise expérience, je ne recommande pas du tout",1,NEGATIVE,FR
Really exceptional skills and great attention to deadlines,4,POSITIVE,EN
"Superbe collaboration, travail remarquable et soigné",4,POSITIVE,FR
"Parfaitement le freelancer a dépassé mes attentes, excellent",5,POSITIVE,FR
"Absolutely amazing freelancer, exceeded all my expectations",4,POSITIVE,EN
Perfect execution of the project requirements,5,POSITIVE,EN
"Totalement travail bâclé et peu professionnel, à éviter absolument",2,NEGATIVE,FR
"Complètement paiement effectué mais travail jamais rendu, scandaleux",2,NEGATIVE,FR
Extremely slow and produced very poor results,2,NEGATIVE,EN
"Le résultat final était inutilisable, remboursement refusé",1,NEGATIVE,FR
"Delivered on time with great quality, very happy",5,POSITIVE,EN
"Travail de grande qualité, très satisfait du résultat",4,POSITIVE,FR
Very bad quality and missed all deadlines,2,NEGATIVE,EN
"Truly reliable and talented, the project was a success",5,POSITIVE,EN
"Absolument très content du résultat, je referai appel à lui",5,POSITIVE,FR
"Absolutely outstanding quality, highly recommend this freelancer",5,POSITIVE,EN
The work was flawless and delivered promptly,5,POSITIVE,EN
"Talented and professional, great to work with",5,POSITIVE,EN
"Vraiment superbe collaboration, travail remarquable et soigné",4,POSITIVE,FR
"Smooth collaboration, high quality deliverables",4,POSITIVE,EN
"Très mauvaise expérience, je ne recommande pas du tout",1,NEGATIVE,FR
Très freelancer peu compétent et très lent dans ses livraisons,2,NEGATIVE,FR
Work was completed perfectly and on schedule,5,POSITIVE,EN
Délais dépassés de plusieurs semaines sans justification,2,NEGATIVE,FR
"Vraiment livraison rapide et qualité irréprochable, bravo",5,POSITIVE,FR
"Le freelancer a disparu après le paiement, arnaque totale",1,NEGATIVE,FR
"Satisfaction totale, le résultat final est parfait",5,POSITIVE,FR
"Très déçu, le projet n'a jamais été finalisé correctement",2,NEGATIVE,FR
"Delivered exactly what was promised, excellent quality",4,POSITIVE,EN
"Totalement très difficile à joindre, résultat final décevant",2,NEGATIVE,FR
"Took the payment and vanished, do not hire",1,NEGATIVE,EN
"Really unprofessional and unreliable, very disappointing",2,NEGATIVE,EN
Professional attitude and impeccable work quality,4,POSITIVE,EN
"Paiement effectué mais travail jamais rendu, scandaleux",2,NEGATIVE,FR
"Completely horrible experience, would never hire again",1,NEGATIVE,EN
Mauvaise communication et résultat totalement raté,1,NEGATIVE,FR
"Great job on a complex project, very impressed",4,POSITIVE,EN
Tres delais depasses de plusieurs semaines sans justification,2,NEGATIVE,FR
"Excellent rapport qualite-prix, travail impeccable",5,POSITIVE,FR
Tres professionnel et attentif aux details du brief,4,POSITIVE,FR
"Absolument freelancer tres competent, je recommande vivement",5,POSITIVE,FR
"Rapide et efficace, le projet a ete un succes total",4,POSITIVE,FR
"Vraiment resultat mediocre et delais non respectes, insatisfait",2,NEGATIVE,FR
Competences techniques excellentes et bon suivi,4,POSITIVE,FR
"Vraiment resultat parfait, le freelancer a compris mes besoins",4,POSITIVE,FR
"Tres bon freelancer, reactif et de qualite",5,POSITIVE,FR
Projet realise avec soin et dans les delais impartis,5,POSITIVE,FR
"Freelancer tres competent, je recommande vivement",5,POSITIVE,FR
"Travail bacle et peu professionnel, a eviter absolument",2,NEGATIVE,FR
"Excellent travail, livre dans les delais et tres professionnel",4,POSITIVE,FR
"Travail incomplet et de mauvaise qualite, decu",2,NEGATIVE,FR
Mauvaise communication et projet non termine dans les delais,1,NEGATIVE,FR
Parfaitement tres bonne communication et resultat impeccable,5,POSITIVE,FR
Totalement le code livre etait rempli de bugs inutilisables en prod,1,NEGATIVE,FR
Completement le travail rendu etait completement different du brief,1,NEGATIVE,FR
"Tres le freelancer a disparu apres le paiement, arnaque totale",1,NEGATIVE,FR
Le travail rendu etait completement different du brief,1,NEGATIVE,FR
Bonne ecoute et livraison conforme aux attentes,5,POSITIVE,FR
Le code livre etait rempli de bugs inutilisables en prod,1,NEGATIVE,FR
Absolument projet realise avec soin et dans les delais impartis,5,POSITIVE,FR
"Tres serieux dans son travail, resultat au top",5,POSITIVE,FR
"Freelancer serieux et competent, je recommande",5,POSITIVE,FR
"Tres satisfait, le travail correspond exactement a mes attentes",4,POSITIVE,FR
Parfaitement tres professionnel et de bon conseil tout au long,5,POSITIVE,FR
Vraiment tres professionnel et attentif aux details du brief,4,POSITIVE,FR
Freelancer peu competent et tres lent dans ses livraisons,2,NEGATIVE,FR
"Parfaitement rapide et efficace, le projet a ete un succes total",4,POSITIVE,FR
"Vraiment travail de grande qualite, tres satisfait du resultat",4,POSITIVE,FR
Freelancer malhonnete sur ses competences reelles,1,NEGATIVE,FR
"Tres excellent travail, livre dans les delais et tres professionnel",4,POSITIVE,FR
Tres peu reactif et resultat en dessous du niveau attendu,2,NEGATIVE,FR
"Professionnel, rapide et de qualite, je suis ravi",4,POSITIVE,FR
"Competent et reactif, projet termine avant la deadline",4,POSITIVE,FR
"Tres bonne experience, qualite du travail irreprochable",5,POSITIVE,FR
Le freelancer n'a pas respecte les specifications donnees,1,NEGATIVE,FR
"Absolument competent et reactif, projet termine avant la deadline",4,POSITIVE,FR
"Resultat parfait, le freelancer a compris mes besoins",4,POSITIVE,FR
"Tres content du resultat, je referai appel a lui",5,POSITIVE,FR
Tres professionnel et de bon conseil tout au long,5,POSITIVE,FR
"Aucun professionnalisme, projet echoue des le debut",1,NEGATIVE,FR
"Livraison rapide et qualite irreprochable, bravo",5,POSITIVE,FR
"Tres decu du resultat, qualite bien en dessous des attentes",2,NEGATIVE,FR
Totalement mauvaise qualite malgre plusieurs demandes de correction,1,NEGATIVE,FR
"Experience desastreuse, argent perdu pour rien",1,NEGATIVE,FR
Vraiment mauvaise communication et projet non termine dans les delais,1,NEGATIVE,FR
"Tres difficile a joindre, resultat final decevant",2,NEGATIVE,FR
"Le freelancer a depasse mes attentes, excellent",5,POSITIVE,FR
"Tres tres decu du resultat, qualite bien en dessous des attentes",2,NEGATIVE,FR
"Parfaitement excellent rapport qualite-prix, travail impeccable",5,POSITIVE,FR
"Tres pas du tout professionnel, communication catastrophique",1,NEGATIVE,FR
"Resultat mediocre et delais non respectes, insatisfait",2,NEGATIVE,FR
Mauvaise qualite malgre plusieurs demandes de correction,1,NEGATIVE,FR
"Excellent resultat, communication parfaite durant le projet",5,POSITIVE,FR
Tres bonne communication et resultat impeccable,5,POSITIVE,FR
"Completement nombreuses revisions necessaires, resultat toujours mauvais",1,NEGATIVE,FR
"Nombreuses revisions necessaires, resultat toujours mauvais",1,NEGATIVE,FR
Fuite de responsabilite et livraisons toujours en retard,1,NEGATIVE,FR
"Tres tres mauvaise experience, je ne recommande pas du tout",1,NEGATIVE,FR
"Superbe collaboration, travail remarquable et soigne",4,POSITIVE,FR
"Parfaitement le freelancer a depasse mes attentes, excellent",5,POSITIVE,FR
"Totalement travail bacle et peu professionnel, a eviter absolument",2,NEGATIVE,FR
"Completement paiement effectue mais travail jamais rendu, scandaleux",2,NEGATIVE,FR
"Le resultat final etait inutilisable, remboursement refuse",1,NEGATIVE,FR
"Travail de grande qualite, tres satisfait du resultat",4,POSITIVE,FR
"Absolument tres content du resultat, je referai appel a lui",5,POSITIVE,FR
"Vraiment superbe collaboration, travail remarquable et soigne",4,POSITIVE,FR
"Tres mauvaise experience, je ne recommande pas du tout",1,NEGATIVE,FR
Tres freelancer peu competent et tres lent dans ses livraisons,2,NEGATIVE,FR
Delais depasses de plusieurs semaines sans justification,2,NEGATIVE,FR
"Vraiment livraison rapide et qualite irreprochable, bravo",5,POSITIVE,FR
"Le freelancer a disparu apres le paiement, arnaque totale",1,NEGATIVE,FR
"Satisfaction totale, le resultat final est parfait",5,POSITIVE,FR
"Tres decu, le projet n'a jamais ete finalise correctement",2,NEGATIVE,FR
"Totalement tres difficile a joindre, resultat final decevant",2,NEGATIVE,FR
"Paiement effectue mais travail jamais rendu, scandaleux",2,NEGATIVE,FR
Mauvaise communication et resultat totalement rate,1,NEGATIVE,FR
